ID,Period,TreatGroup,Y,D
1,1,1,0.9269189452660836,0
1,2,1,-1.2226273362479076,0
1,3,1,-0.99454926582874,1
1,4,1,6.437192724491411,1
2,1,0,1.036670776001999,0
2,2,0,-0.9251497782184817,0
2,3,0,-0.5764982149827107,0
2,4,0,-0.4253649424547102,0
3,1,1,-0.35836449245566177,0
3,2,1,-2.2138369108850573,0
3,3,1,0.9627949387083337,1
3,4,1,5.778490360831633,1
4,1,0,-0.3739338643093812,0
4,2,0,-1.111047141759215,0
4,3,0,-0.17812044505584584,0
4,4,0,0.23728257129720187,0
5,1,1,-0.876719013763316,0
5,2,1,-0.5085277308809839,0
5,3,1,-0.09767352770892357,1
5,4,1,6.998449311971306,1
6,1,0,-1.0027908807053805,0
6,2,0,0.2679251856124928,0
6,3,0,-0.24233698918123361,0
6,4,0,1.1283435432289164,0
7,1,1,-0.2112137437958763,0
7,2,1,-0.9015535752996348,0
7,3,1,-0.548686003512532,1
7,4,1,4.159320934693078,1
8,1,1,0.8008201078150007,0
8,2,1,-0.5893583059198683,0
8,3,1,0.0726212773481647,1
8,4,1,6.229713880624727,1
9,1,1,0.2294459562993646,0
9,2,1,1.5988539522238898,0
9,3,1,2.252220039437254,1
9,4,1,2.8567997217178096,1
10,1,1,-1.8812034155627568,0
10,2,1,0.8358761054752963,0
10,3,1,0.024386882380079022,1
10,4,1,3.4375839128450556,1
11,1,1,-1.770425763673009,0
11,2,1,0.1540110541016821,0
11,3,1,2.7564118305072447,1
11,4,1,5.993177915622598,1
12,1,1,-0.2690735969123634,0
12,2,1,0.802612895668738,0
12,3,1,0.6957086553177544,1
12,4,1,1.8214374450941437,1
13,1,0,0.6470432541221856,0
13,2,0,0.6349939447137224,0
13,3,0,-1.02462542930591,0
13,4,0,-2.051900528723965,0
14,1,1,-0.6437333592560339,0
14,2,1,-0.39482151206229105,0
14,3,1,2.442372131467834,1
14,4,1,4.960174280930389,1
15,1,0,-0.14935392489079835,0
15,2,0,2.4600434630472297,0
15,3,0,0.3610893214001155,0
15,4,0,0.4860251978328148,0
16,1,0,-0.9740192790829738,0
16,2,0,0.6825081102709873,0
16,3,0,-0.15384818470511794,0
16,4,0,-0.3193076326164934,0
17,1,0,-1.14265582252962,0
17,2,0,-0.49622857647792834,0
17,3,0,-1.0696784639912083,0
17,4,0,-0.04690181983302722,0
18,1,0,-2.025282953110594,0
18,2,0,-0.236156839119679,0
18,3,0,1.6390532386724213,0
18,4,0,-0.5334507357144705,0
19,1,0,0.2961096005800885,0
19,2,0,-0.09198005495218069,0
19,3,0,-1.1988953251340488,0
19,4,0,1.2790609179254164,0
20,1,1,-0.8404847900158392,0
20,2,1,0.4653311174933374,0
20,3,1,2.432641189235965,1
20,4,1,4.125166098443311,1
21,1,1,-0.025832409138692974,0
21,2,1,-0.5427116093930998,0
21,3,1,0.5594757391854747,1
21,4,1,4.664943384273671,1
22,1,0,0.572965889032002,0
22,2,0,1.7385681014057968,0
22,3,0,0.750833174012297,0
22,4,0,1.586012790796782,0
23,1,0,1.745581822842625,0
23,2,0,0.2914695893513427,0
23,3,0,-0.6483595447690828,0
23,4,0,-0.41449281086481665,0
24,1,1,0.9048243142052342,0
24,2,1,0.8194741001942893,0
24,3,1,0.8663592383468631,1
24,4,1,5.055465662421874,1
25,1,1,-1.6162195984151553,0
25,2,1,-1.902981609337572,0
25,3,1,-0.3534592875803291,1
25,4,1,5.914786194494301,1
26,1,0,0.46160234907128667,0
26,2,0,1.3192849691898898,0
26,3,0,0.83266611070904,0
26,4,0,-1.0027164961673298,0
27,1,1,-0.5336207683168365,0
27,2,1,0.08606547604617322,0
27,3,1,1.2855866501069628,1
27,4,1,3.5378689116533457,1
28,1,0,0.4736741206070737,0
28,2,0,0.46749850879150673,0
28,3,0,-1.431762696895505,0
28,4,0,-1.8266077351410321,0
29,1,0,0.8747873886541289,0
29,2,0,0.589862442259939,0
29,3,0,-0.30665119816329856,0
29,4,0,0.8499204291336651,0
30,1,0,-2.0010566203064157,0
30,2,0,0.4164224963056206,0
30,3,0,0.72179435442232,0
30,4,0,0.31219301405740313,0
31,1,1,0.9488829069998225,0
31,2,1,-0.36008852416462933,0
31,3,1,1.7110380954852225,1
31,4,1,5.481894224684135,1
32,1,0,-0.2616143441048671,0
32,2,0,-1.007238435825344,0
32,3,0,0.6439018024534364,0
32,4,0,-0.022201005642641946,0
33,1,1,0.6520790279816236,0
33,2,1,-0.60075932273459,0
33,3,1,-0.9175217577675536,1
33,4,1,4.465320637072674,1
34,1,1,-0.8213536193957801,0
34,2,1,-0.255311155960254,0
34,3,1,0.6184345759442709,1
34,4,1,4.126175492710666,1
35,1,0,-0.3162840656139764,0
35,2,0,-0.4725531457015688,0
35,3,0,-1.7142403660696601,0
35,4,0,-1.4907476277018605,0
36,1,1,0.1340044078783361,0
36,2,1,-0.8542473040791824,0
36,3,1,0.9108344663466326,1
36,4,1,5.2090308954782,1
37,1,0,-1.0690985624267482,0
37,2,0,0.6418087492111292,0
37,3,0,0.821045569023077,0
37,4,0,0.8362640495056116,0
38,1,0,-0.44147952788540507,0
38,2,0,0.21020774491860894,0
38,3,0,0.7508040958549319,0
38,4,0,0.4886316288249728,0
39,1,1,-1.4640833479713453,0
39,2,1,0.5693923945754052,0
39,3,1,2.3524820756730866,1
39,4,1,5.308606599806784,1
40,1,1,0.13156446901806235,0
40,2,1,-1.9854025355346376,0
40,3,1,0.04277284122997993,1
40,4,1,4.605198334579889,1
41,1,0,-1.1187605018844862,0
41,2,0,0.08576885061758589,0
41,3,0,-0.6762559965091586,0
41,4,0,0.07765052234404463,0
42,1,1,-0.2860242155058403,0
42,2,1,0.26424935766113444,0
42,3,1,1.9588665918505792,1
42,4,1,6.516914639004994,1
43,1,0,0.34717996294827946,0
43,2,0,0.5314188132569377,0
43,3,0,1.016049190320449,0
43,4,0,-1.749802849539951,0
44,1,1,-0.7024420154612726,0
44,2,1,-0.6627324970339676,0
44,3,1,2.307639527240667,1
44,4,1,5.181225550752154,1
45,1,1,-0.22727290458222882,0
45,2,1,-0.524437402320867,0
45,3,1,-1.047192152397093,1
45,4,1,4.310728520732091,1
46,1,1,0.35541269268657755,0
46,2,1,0.9253807203744836,0
46,3,1,2.1877759679891464,1
46,4,1,5.873559488589175,1
47,1,1,-0.11562311166503947,0
47,2,1,0.09392261592407568,0
47,3,1,1.65293500135181,1
47,4,1,4.023666438262931,1
48,1,0,-0.5885259840479641,0
48,2,0,1.3971735638266094,0
48,3,0,-0.6687042232512697,0
48,4,0,-0.635273556746057,0
49,1,1,0.9205973144862154,0
49,2,1,0.41920270216144606,0
49,3,1,0.7573316834991627,1
49,4,1,3.83939554140924,1
50,1,0,0.5729497400368262,0
50,2,0,-1.2529735520560867,0
50,3,0,-0.20400359379743424,0
50,4,0,-1.0476354714194247,0
51,1,1,0.8123652499395592,0
51,2,1,0.5082338731939509,0
51,3,1,0.4167374032234491,1
51,4,1,4.648147841178126,1
52,1,1,1.182222154261149,0
52,2,1,-0.26817853324228536,0
52,3,1,0.7921473503633168,1
52,4,1,4.144513540142101,1
53,1,1,0.5720060712397143,0
53,2,1,0.9475348920115937,0
53,3,1,0.800887527126868,1
53,4,1,4.657360742755506,1
54,1,1,-0.6677318052628425,0
54,2,1,1.142761783512483,0
54,3,1,0.19556482117935992,1
54,4,1,4.688093652352301,1
55,1,1,0.5178422184851077,0
55,2,1,-0.9737181226911229,0
55,3,1,0.30489598481026337,1
55,4,1,4.654042157495222,1
56,1,0,-1.9718404018012186,0
56,2,0,0.3252697079245532,0
56,3,0,0.018120468135838907,0
56,4,0,0.11923391831474048,0
57,1,0,0.08432380786225692,0
57,2,0,1.9685554428648904,0
57,3,0,-0.48255402717554463,0
57,4,0,-0.9479274937581053,0
58,1,0,-0.11897722497548938,0
58,2,0,-0.2365484299734102,0
58,3,0,0.466264133669033,0
58,4,0,-0.5431314325567022,0
59,1,0,0.8259398823662802,0
59,2,0,0.012304256126475743,0
59,3,0,0.8765991138357292,0
59,4,0,-0.671158662117541,0
60,1,1,-1.3439578236798357,0
60,2,1,0.49523453515861104,0
60,3,1,1.0105286537776366,1
60,4,1,4.902563881749168,1
61,1,1,-1.82992520000786,0
61,2,1,-0.18697425425164357,0
61,3,1,0.6737801736664071,1
61,4,1,3.9957058623174753,1
62,1,1,-0.13242234418570228,0
62,2,1,1.1747738751484438,0
62,3,1,-0.38608482529964494,1
62,4,1,4.682348089099172,1
63,1,1,0.1798246070597747,0
63,2,1,-1.4586711306756062,0
63,3,1,2.3837348529819082,1
63,4,1,5.257016701466917,1
64,1,1,0.07336253616448905,0
64,2,1,-0.5087246020460697,0
64,3,1,0.24401297282988177,1
64,4,1,6.588899271907132,1
65,1,1,0.29642594138038897,0
65,2,1,-2.2695297482676384,0
65,3,1,1.1926844591772756,1
65,4,1,5.381836405863337,1
66,1,1,-0.8832485476181604,0
66,2,1,0.04818827533439302,0
66,3,1,1.7417963754367811,1
66,4,1,4.214291655459079,1
67,1,1,-0.3622366541197604,0
67,2,1,-0.9264984048139121,0
67,3,1,0.1068599557408596,1
67,4,1,4.866427993166013,1
68,1,1,-0.5300492686331747,0
68,2,1,-0.5187060321394091,0
68,3,1,-0.16084410355286471,1
68,4,1,3.7395514990878906,1
69,1,1,-1.193365019557184,0
69,2,1,-0.5259180665088783,0
69,3,1,0.24442723296208213,1
69,4,1,6.121656476421482,1
70,1,0,-1.6469473409550475,0
70,2,0,1.2949544797032067,0
70,3,0,1.229314383908157,0
70,4,0,0.8333903278111753,0
71,1,1,-1.3334327204271716,0
71,2,1,-0.4100962633023843,0
71,3,1,1.4179628038495697,1
71,4,1,5.2689724734241015,1
72,1,1,-0.8204850733002392,0
72,2,1,-0.3621528791420701,0
72,3,1,2.831482466760148,1
72,4,1,4.1672475756301885,1
73,1,0,-0.7277488618809475,0
73,2,0,-0.7729109252723187,0
73,3,0,0.5117894818107048,0
73,4,0,1.325669504047483,0
74,1,0,1.4986588449247642,0
74,2,0,1.4633496665296075,0
74,3,0,-2.9246944153712997,0
74,4,0,0.6503399321060477,0
75,1,1,-0.5671486301742639,0
75,2,1,1.6868833097273384,0
75,3,1,0.6912137563557588,1
75,4,1,3.2822783945691265,1
76,1,1,0.19583086570964087,0
76,2,1,-0.08076552063938638,0
76,3,1,2.813637792389846,1
76,4,1,4.848561204801854,1
77,1,0,-0.19966122219192634,0
77,2,0,-1.3054373561947186,0
77,3,0,-0.851810377373642,0
77,4,0,0.20734406345894218,0
78,1,0,-1.6119641925352801,0
78,2,0,-1.5999150162163371,0
78,3,0,1.0925007632099384,0
78,4,0,-2.6620886353540265,0
79,1,0,0.07556135786011108,0
79,2,0,0.7762268079707482,0
79,3,0,-0.9217290742505118,0
79,4,0,0.5450030499396995,0
80,1,1,0.9294474673484072,0
80,2,1,1.239251881131102,0
80,3,1,1.1474926545263011,1
80,4,1,4.9112779727122335,1
81,1,1,-0.7728074491101538,0
81,2,1,-0.7373610191422381,0
81,3,1,-1.266138637280232,1
81,4,1,6.185854177370744,1
82,1,1,-0.060018088407349096,0
82,2,1,1.269741594122903,0
82,3,1,1.4376884140783908,1
82,4,1,6.157690000838988,1
83,1,0,-0.44532852412882995,0
83,2,0,-0.5028793683660707,0
83,3,0,-1.104792823857644,0
83,4,0,-0.6917429164495129,0
84,1,0,0.5083548356285614,0
84,2,0,-0.014742589150007816,0
84,3,0,1.6248004257535424,0
84,4,0,-0.20894422332598273,0
85,1,0,-0.6188004473562339,0
85,2,0,-1.9412110926710817,0
85,3,0,-0.13957353636125905,0
85,4,0,0.22123705775144906,0
86,1,1,0.17788614055265567,0
86,2,1,-1.6183792879716274,0
86,3,1,1.7061335845248586,1
86,4,1,5.041712802946566,1
87,1,0,0.10102860395353819,0
87,2,0,2.5831287877283837,0
87,3,0,-0.06318134455464842,0
87,4,0,-0.7944964639048137,0
88,1,0,-0.974969701166606,0
88,2,0,-0.525024630414793,0
88,3,0,-1.7206864400264663,0
88,4,0,0.2173403291989565,0
89,1,1,-0.8520863369691413,0
89,2,1,0.6555513418375384,0
89,3,1,0.9967409649334644,1
89,4,1,3.847718962389407,1
90,1,0,-0.11412552939265726,0
90,2,0,-1.3011671248273993,0
90,3,0,-0.7039982237424153,0
90,4,0,-2.1075514820367496,0
91,1,1,0.6725446675724447,0
91,2,1,0.28475266897994495,0
91,3,1,1.0679108490759666,1
91,4,1,5.851786516933257,1
92,1,1,1.189148457647357,0
92,2,1,0.719722605068151,0
92,3,1,1.3630449039966068,1
92,4,1,5.816211145234648,1
93,1,1,0.8417959706284214,0
93,2,1,-0.8640628060950499,0
93,3,1,0.9443683397699558,1
93,4,1,3.8912482229220764,1
94,1,0,-1.340114912486549,0
94,2,0,-0.16236952623149684,0
94,3,0,-1.2353890200456568,0
94,4,0,-0.9404978810437876,0
95,1,1,0.6527754160507975,0
95,2,1,-0.2717489831412645,0
95,3,1,4.311252314106108,1
95,4,1,5.096958114593463,1
96,1,0,1.3049411502169452,0
96,2,0,1.0609726270973643,0
96,3,0,1.575284044325739,0
96,4,0,1.1490266910786398,0
97,1,1,0.11745410537201716,0
97,2,1,-0.8164385790833918,0
97,3,1,0.6204337184799087,1
97,4,1,4.955505104957235,1
98,1,1,-1.360846770241625,0
98,2,1,0.39843993668272193,0
98,3,1,-0.81116786774066,1
98,4,1,5.73819677656466,1
99,1,0,0.4839768375718462,0
99,2,0,-1.098807478810796,0
99,3,0,-0.3700667774665102,0
99,4,0,0.5278909978984175,0
100,1,0,-0.11765647762402931,0
100,2,0,1.5359382039974088,0
100,3,0,2.4397486443505043,0
100,4,0,1.0431913270008981,0
101,1,1,-0.6092380130471104,0
101,2,1,-0.023598317559666068,0
101,3,1,0.7235552612956414,1
101,4,1,5.532851381181651,1
102,1,1,-0.24135477413405343,0
102,2,1,2.1478095050041057,0
102,3,1,2.522049164480502,1
102,4,1,6.107658540760108,1
103,1,1,0.5256606630889397,0
103,2,1,0.7222533896173693,0
103,3,1,0.27790520204322,1
103,4,1,4.5511286921509395,1
104,1,1,1.6744400998869524,0
104,2,1,-0.9168714494952894,0
104,3,1,-0.6547096949356233,1
104,4,1,5.970314208256539,1
105,1,1,0.27164177923198424,0
105,2,1,-0.6897419146215763,0
105,3,1,0.7599482488415001,1
105,4,1,5.000867256062736,1
106,1,0,-1.8919729732980515,0
106,2,0,0.44369890837579723,0
106,3,0,-0.9451721911345726,0
106,4,0,-0.7134020031259658,0
107,1,0,-0.8047679449808207,0
107,2,0,-0.9735277679229081,0
107,3,0,1.6981942004427124,0
107,4,0,0.24817720524950282,0
108,1,1,0.1270885169781306,0
108,2,1,0.1864439972317664,0
108,3,1,1.0291944817121117,1
108,4,1,5.81411087161785,1
109,1,0,0.19510029775851498,0
109,2,0,-1.1902911315152742,0
109,3,0,1.3297120406779062,0
109,4,0,0.5453203209286509,0
110,1,0,-0.12643613869346038,0
110,2,0,-1.4791959417723206,0
110,3,0,0.6561123225499348,0
110,4,0,0.03582868582843634,0
111,1,1,0.6899654106286276,0
111,2,1,0.17407723755951332,0
111,3,1,0.45278317514734245,1
111,4,1,5.672328344068885,1
112,1,0,-0.5000635105663062,0
112,2,0,2.0880553665197876,0
112,3,0,-1.225916899767177,0
112,4,0,1.5883947433636776,0
113,1,1,-2.658701442833381,0
113,2,1,-0.8770032708563404,0
113,3,1,0.725665056712874,1
113,4,1,4.633888628274135,1
114,1,1,1.3870826975176929,0
114,2,1,0.07816295128688712,0
114,3,1,1.1789747609734094,1
114,4,1,4.42745581662522,1
115,1,1,1.1509481338451792,0
115,2,1,-0.32293043051365233,0
115,3,1,1.451906608351828,1
115,4,1,4.858796102023331,1
116,1,0,-2.24285936813268,0
116,2,0,0.9175717674741923,0
116,3,0,-0.8222608562459086,0
116,4,0,-2.274130007467561,0
117,1,0,0.03138096989257654,0
117,2,0,-0.2160556668555132,0
117,3,0,0.7110061661832827,0
117,4,0,0.7608791151569686,0
118,1,1,0.09275425223895153,0
118,2,1,-1.3937083363642564,0
118,3,1,-0.7295302344502586,1
118,4,1,5.587766011699278,1
119,1,0,2.4879585613332713,0
119,2,0,0.5219478876770334,0
119,3,0,0.278758863835052,0
119,4,0,-1.4905404819290307,0
120,1,0,-1.1097231370916083,0
120,2,0,-0.3061435875598715,0
120,3,0,-0.08608033475381989,0
120,4,0,-0.27087835157254764,0
121,1,1,0.004833069207219332,0
121,2,1,-1.287255189030686,0
121,3,1,2.3494547171307216,1
121,4,1,5.546731912993937,1
122,1,0,1.7586480927627424,0
122,2,0,-0.4215584110762548,0
122,3,0,0.11553515090309457,0
122,4,0,-0.7240318157381965,0
123,1,0,-0.6997978427369071,0
123,2,0,0.7336052731071013,0
123,3,0,0.950839308076896,0
123,4,0,0.2923084169582852,0
124,1,1,-0.8691238697551977,0
124,2,1,-0.3988101360754173,0
124,3,1,1.1054795883857729,1
124,4,1,5.1740852264901775,1
125,1,0,-1.0916720105823934,0
125,2,0,0.5640571578220089,0
125,3,0,-1.8215085645253184,0
125,4,0,0.8811552020958198,0
126,1,0,0.0360309204857991,0
126,2,0,0.0877393565856394,0
126,3,0,1.0088195091693921,0
126,4,0,0.4149713096037957,0
127,1,0,0.6852124644634503,0
127,2,0,-0.08028425001109182,0
127,3,0,1.0161444566191111,0
127,4,0,-1.3217070823815749,0
128,1,0,0.035178808888955394,0
128,2,0,-0.18041745688833902,0
128,3,0,2.719616861199891,0
128,4,0,-0.5086246443584247,0
129,1,0,1.4116942711708649,0
129,2,0,0.2247180718387374,0
129,3,0,0.7288629504015263,0
129,4,0,0.9793166242540507,0
130,1,0,0.17907193819799602,0
130,2,0,0.5779113376652625,0
130,3,0,1.1768236792885733,0
130,4,0,1.6572902932908145,0
131,1,0,0.16281597504029927,0
131,2,0,1.078342890277504,0
131,3,0,-0.27721257305937014,0
131,4,0,-0.3525211815530084,0
132,1,1,0.09466246218962092,0
132,2,1,0.47947422905677295,0
132,3,1,1.801791562968757,1
132,4,1,5.135163960408345,1
133,1,1,-1.0547348897530402,0
133,2,1,-1.0699976507351738,0
133,3,1,1.5498149104058,1
133,4,1,5.364815042420969,1
134,1,1,-0.5052811422000832,0
134,2,1,-0.18394481418877154,0
134,3,1,1.380419087128765,1
134,4,1,5.901629797034863,1
135,1,1,-1.3487419746106784,0
135,2,1,-1.5022752874909275,0
135,3,1,1.85427726158863,1
135,4,1,4.463604964354802,1
136,1,1,0.9148869015154889,0
136,2,1,1.2744702557866365,0
136,3,1,0.758972089519694,1
136,4,1,5.618109020596939,1
137,1,1,0.43713954870476945,0
137,2,1,1.9623573613419536,0
137,3,1,-0.28024006466453133,1
137,4,1,3.49529012763605,1
138,1,0,-0.6730823504134892,0
138,2,0,1.442900909102945,0
138,3,0,-0.27036367154188756,0
138,4,0,0.37716114788468397,0
139,1,0,-1.5804803566261865,0
139,2,0,-0.755950518100766,0
139,3,0,0.15581164404661105,0
139,4,0,-1.8029569746480074,0
140,1,0,-0.07546579926741595,0
140,2,0,-0.11640840874459948,0
140,3,0,0.1086765916411379,0
140,4,0,0.6248571908530304,0
141,1,0,0.1341606582213296,0
141,2,0,-0.22422238690110535,0
141,3,0,0.39137551715396685,0
141,4,0,-0.051961729913544794,0
142,1,0,1.5817528346810414,0
142,2,0,0.7501979132175183,0
142,3,0,-0.3642319222402601,0
142,4,0,-0.8614112214808753,0
143,1,0,0.2790785644681793,0
143,2,0,0.7681130775517988,0
143,3,0,-0.660972015106676,0
143,4,0,-0.7144744014128389,0
144,1,0,2.429175330012865,0
144,2,0,0.3695596799866361,0
144,3,0,1.5460398982629295,0
144,4,0,-1.0688326483027932,0
145,1,0,0.42555184083054115,0
145,2,0,1.1862971088242749,0
145,3,0,0.4342946208705666,0
145,4,0,1.4466644374405915,0
146,1,1,3.0865757328320025,0
146,2,1,0.8362853912985851,0
146,3,1,-0.29105433662891933,1
146,4,1,5.411074045134831,1
147,1,1,-0.8566122860595665,0
147,2,1,-1.419071402091779,0
147,3,1,0.4319822965087371,1
147,4,1,6.33255184673469,1
148,1,0,0.14702628039442175,0
148,2,0,0.23269930430288246,0
148,3,0,-0.519584879474619,0
148,4,0,-0.838623141821093,0
149,1,0,-0.8554036746134854,0
149,2,0,-2.058989151387509,0
149,3,0,0.05408639579198732,0
149,4,0,-0.7328612496008693,0
150,1,0,0.28997417288447064,0
150,2,0,-0.4993041890891373,0
150,3,0,1.1451185960177623,0
150,4,0,0.9197218993429215,0
151,1,0,0.3771028095850687,0
151,2,0,0.9522505190873732,0
151,3,0,0.6604875749832916,0
151,4,0,-0.8048346899188706,0
152,1,0,1.2081197193893274,0
152,2,0,0.5284683614675091,0
152,3,0,-1.0303745365773511,0
152,4,0,0.6920510308568081,0
153,1,1,-0.36198161283791624,0
153,2,1,0.6140589960179479,0
153,3,1,0.10681500826675383,1
153,4,1,4.984002439456693,1
154,1,0,-2.5285908798557974,0
154,2,0,-0.008956401049522887,0
154,3,0,1.403021481042984,0
154,4,0,-0.5430744038311529,0
155,1,0,-0.8350861760631834,0
155,2,0,-0.37786154156749846,0
155,3,0,-0.7454363654097951,0
155,4,0,0.3255064646507265,0
156,1,0,1.329000833882136,0
156,2,0,-0.6762371511256559,0
156,3,0,-0.6219922408982603,0
156,4,0,-1.17531936002778,0
157,1,0,-0.5800566145091068,0
157,2,0,0.46407232117578523,0
157,3,0,0.99436680147279,0
157,4,0,0.37061383456024355,0
158,1,1,-1.0604034910928277,0
158,2,1,0.7664120813627827,0
158,3,1,0.4752455161318324,1
158,4,1,6.099904176534572,1
159,1,0,1.155852577612461,0
159,2,0,1.7061995047919738,0
159,3,0,0.6727239724485449,0
159,4,0,-0.3103639796637922,0
160,1,1,-1.7198091050180873,0
160,2,1,0.44930185540675904,0
160,3,1,-0.8191809100644554,1
160,4,1,5.331588708350373,1
161,1,1,-0.4892340162809142,0
161,2,1,-1.051153616847723,0
161,3,1,1.0621974278004296,1
161,4,1,5.429880139714744,1
162,1,0,0.18154104066894036,0
162,2,0,-1.3500780714822138,0
162,3,0,-1.8345195603367928,0
162,4,0,-1.7136518108394674,0
163,1,0,-0.047202100261065465,0
163,2,0,1.9663461425618924,0
163,3,0,0.2135118633688999,0
163,4,0,-1.509520449508893,0
164,1,0,-0.8960932356404703,0
164,2,0,0.04469433525806991,0
164,3,0,-0.37415623955766014,0
164,4,0,0.9779590635397528,0
165,1,1,0.9810261250942397,0
165,2,1,0.011160039926163628,0
165,3,1,1.5868765033821999,1
165,4,1,6.7692894182497785,1
166,1,0,0.6795217360370839,0
166,2,0,0.6850848632582942,0
166,3,0,0.38910915174489097,0
166,4,0,0.1202846921254322,0
167,1,0,0.6884556197068041,0
167,2,0,1.1572571389814714,0
167,3,0,1.5797639581054874,0
167,4,0,-0.08719485977899706,0
168,1,1,1.2946682776840874,0
168,2,1,-0.061241112430488284,0
168,3,1,2.1726108549486485,1
168,4,1,4.59635060902861,1
169,1,1,1.1527566727916918,0
169,2,1,-0.5669008454166667,0
169,3,1,1.5861776285194815,1
169,4,1,4.961830572868932,1
170,1,0,-1.5864382921100237,0
170,2,0,-1.3019168226418714,0
170,3,0,-2.084132798016772,0
170,4,0,1.3795868196367795,0
171,1,1,-0.39728344650941305,0
171,2,1,0.22921697736329336,0
171,3,1,-0.20133597267776548,1
171,4,1,6.039844964369433,1
172,1,0,-0.01641713451886786,0
172,2,0,1.1493768777813382,0
172,3,0,1.648137692853521,0
172,4,0,0.1685508241082438,0
173,1,0,0.8347105828314321,0
173,2,0,0.6375128562359955,0
173,3,0,0.3633309084559099,0
173,4,0,0.1630725392683943,0
174,1,1,-0.9161105108670848,0
174,2,1,0.8258833026454788,0
174,3,1,0.6610397346433401,1
174,4,1,2.849395565730865,1
175,1,0,-0.8610022958311006,0
175,2,0,-0.8353013543074765,0
175,3,0,0.4823771882023535,0
175,4,0,1.4849491262820789,0
176,1,0,0.311765026838565,0
176,2,0,0.10836521627564805,0
176,3,0,-1.0864323346386344,0
176,4,0,0.6023664320187418,0
177,1,1,1.3511578901791714,0
177,2,1,1.3393009037744883,0
177,3,1,1.8367302648257644,1
177,4,1,4.631950970665784,1
178,1,1,1.4090044006255003,0
178,2,1,1.174827087417058,0
178,3,1,0.09538822306705552,1
178,4,1,5.158279961141971,1
179,1,1,0.14177736709380367,0
179,2,1,1.2637735938152495,0
179,3,1,0.6457048471667655,1
179,4,1,5.053155483732653,1
180,1,1,-1.8798177473784614,0
180,2,1,1.2444433004130475,0
180,3,1,0.06278661177150668,1
180,4,1,5.976276827705455,1
181,1,0,0.0016981822234201588,0
181,2,0,-0.9811562473400843,0
181,3,0,0.8628311624949654,0
181,4,0,-1.5596186396172165,0
182,1,0,0.4802063536945034,0
182,2,0,-1.1766548110761477,0
182,3,0,1.7665885144977436,0
182,4,0,-0.17526094784566046,0
183,1,0,-0.4890681050398794,0
183,2,0,-0.44630540186732326,0
183,3,0,1.8127133425786295,0
183,4,0,1.584215051275398,0
184,1,1,0.2727341845849824,0
184,2,1,-1.9084109265373173,0
184,3,1,2.078279237721779,1
184,4,1,4.387032221965197,1
185,1,1,0.06427628458321209,0
185,2,1,0.17253266083316554,0
185,3,1,0.5890979188967356,1
185,4,1,4.335472605845445,1
186,1,0,0.5868639826188171,0
186,2,0,0.17313083752875622,0
186,3,0,-1.0914169951346335,0
186,4,0,0.5304447948133016,0
187,1,0,1.2600731768243778,0
187,2,0,0.6148205654793466,0
187,3,0,-1.4184759963543494,0
187,4,0,0.28972976431161385,0
188,1,1,1.2517902136051942,0
188,2,1,1.2562505943620923,0
188,3,1,0.4312778090179348,1
188,4,1,4.16317215367928,1
189,1,1,0.100698274540783,0
189,2,1,-0.6411389319755697,0
189,3,1,1.365161999603196,1
189,4,1,3.2485635951875347,1
190,1,0,0.24514602059616739,0
190,2,0,2.268907990454161,0
190,3,0,0.5537123003858396,0
190,4,0,0.6498316210456743,0
191,1,0,-0.36595880350467974,0
191,2,0,0.9206481671188456,0
191,3,0,-0.054799022505063306,0
191,4,0,0.2998838950365923,0
192,1,0,0.5586796363130122,0
192,2,0,1.239234115573754,0
192,3,0,0.25306671517137735,0
192,4,0,0.7612268116805498,0
193,1,0,-0.11240402457775957,0
193,2,0,-2.781013903120804,0
193,3,0,0.5171565859827558,0
193,4,0,-0.7803910744434931,0
194,1,1,-0.25375032907978556,0
194,2,1,-0.8733952262718389,0
194,3,1,0.010069417227051347,1
194,4,1,6.408673721640071,1
195,1,1,1.920725902235134,0
195,2,1,-2.2009330215946696,0
195,3,1,1.0002297539044689,1
195,4,1,5.768826863763339,1
196,1,0,-0.12303446343683402,0
196,2,0,1.2997544207241918,0
196,3,0,-0.513163452120026,0
196,4,0,-0.682849445618418,0
197,1,1,1.3406625924523135,0
197,2,1,-0.5770092666259383,0
197,3,1,2.2557361893841232,1
197,4,1,3.9049918885837696,1
198,1,0,1.3518320914184887,0
198,2,0,0.14746298373909775,0
198,3,0,-0.5528222502736552,0
198,4,0,0.07914130082777206,0
199,1,0,1.6470544299391365,0
199,2,0,0.6824879713251701,0
199,3,0,-0.31563397363688817,0
199,4,0,1.4004787245603272,0
200,1,1,0.77603323388327206,0
200,2,1,-0.3436897534392942,0
200,3,1,0.4736489404248443,1
200,4,1,5.275611183793461,1
201,1,0,1.775117495430505,0
201,2,0,-0.9329134343957527,0
201,3,0,0.1638957955334675,0
201,4,0,-1.0080732316660876,0
202,1,1,-0.43479785688655853,0
202,2,1,0.11207200387619715,0
202,3,1,0.680554627520541,1
202,4,1,6.698937334073201,1
203,1,1,0.6397387272424073,0
203,2,1,0.029804941310950035,0
203,3,1,1.5642307261112371,1
203,4,1,6.611916048597553,1
204,1,1,-0.47473328164748463,0
204,2,1,-1.46213462226689,0
204,3,1,-0.33823497263023383,1
204,4,1,5.077190762320395,1
205,1,1,-0.6989980172278393,0
205,2,1,-0.7758164443245518,0
205,3,1,2.4646884079360327,1
205,4,1,4.905934074216227,1
206,1,0,-1.8571851284264365,0
206,2,0,0.1097625005973463,0
206,3,0,0.2930880694409786,0
206,4,0,-1.3377498680850681,0
207,1,1,0.8043215054608168,0
207,2,1,1.2463878035128684,0
207,3,1,-0.6690987863745361,1
207,4,1,4.892128716212911,1
208,1,1,-0.28652605419029276,0
208,2,1,-1.3026847650532685,0
208,3,1,1.2411869172759822,1
208,4,1,5.09419406552454,1
209,1,1,0.42615646190849205,0
209,2,1,-0.9519084013325234,0
209,3,1,0.21761009132180864,1
209,4,1,5.436387212517629,1
210,1,1,0.4919819054325853,0
210,2,1,0.8639642463618679,0
210,3,1,0.28414691961680294,1
210,4,1,5.123592053622774,1
211,1,1,-0.15662634317097457,0
211,2,1,-1.0070451511193574,0
211,3,1,0.6665149358941647,1
211,4,1,5.539121555715671,1
212,1,0,0.08275439892016119,0
212,2,0,-1.381381024488179,0
212,3,0,-0.5109968248638774,0
212,4,0,1.406799877550373,0
213,1,1,-0.2895877875133985,0
213,2,1,-1.0098364610871733,0
213,3,1,1.2039755918391304,1
213,4,1,3.462043762018559,1
214,1,0,-0.3741381200132437,0
214,2,0,0.7533819857938749,0
214,3,0,-0.1951066705836939,0
214,4,0,-0.39541022752280536,0
215,1,1,0.3140589483133023,0
215,2,1,-0.5670759061023684,0
215,3,1,0.1760002656040328,1
215,4,1,5.334195737940288,1
216,1,1,-0.38274886849206624,0
216,2,1,-1.192458935361702,0
216,3,1,-1.1447830778659625,1
216,4,1,5.198528331051896,1
217,1,0,0.6166361921643572,0
217,2,0,-1.666232391162322,0
217,3,0,0.9068807780890867,0
217,4,0,0.6639096986594476,0
218,1,0,-0.9602616102168604,0
218,2,0,-0.028951352997310942,0
218,3,0,0.10347708902604502,0
218,4,0,-0.5178400076998424,0
219,1,1,-1.427700656878532,0
219,2,1,-1.1873556834512142,0
219,3,1,1.4418729063076483,1
219,4,1,4.185985420125626,1
220,1,1,-0.9665854684330798,0
220,2,1,0.4742449314487306,0
220,3,1,0.024680663108426537,1
220,4,1,4.932747656064959,1
221,1,1,-0.7432866419301578,0
221,2,1,0.7881597574125946,0
221,3,1,2.237231237798661,1
221,4,1,4.491418258134647,1
222,1,0,0.22006547060098527,0
222,2,0,0.8220514207739781,0
222,3,0,-0.38373719803243794,0
222,4,0,-2.0489094475410776,0
223,1,1,1.555539399986499,0
223,2,1,0.0511853488090229,0
223,3,1,2.23517560469184,1
223,4,1,3.9186209849348312,1
224,1,1,0.5914102654583798,0
224,2,1,-0.48443646834634535,0
224,3,1,2.2133149254744735,1
224,4,1,5.807383642917661,1
225,1,1,0.9780036903761744,0
225,2,1,2.0064308965850204,0
225,3,1,1.9274867054675608,1
225,4,1,5.972684388205821,1
226,1,1,2.387501945926572,0
226,2,1,-0.27907143290411196,0
226,3,1,0.4635261826635221,1
226,4,1,6.14188436323312,1
227,1,0,2.2293198007448787,0
227,2,0,0.1376212977057316,0
227,3,0,-1.492018607813423,0
227,4,0,-0.45064670261450984,0
228,1,1,0.3557901412298525,0
228,2,1,-1.986449576265906,0
228,3,1,0.6405827240117288,1
228,4,1,6.481262388803274,1
229,1,1,0.06609825722597923,0
229,2,1,0.47383764533744427,0
229,3,1,0.1999085195367718,1
229,4,1,4.4689304251782644,1
230,1,1,-1.050441263545996,0
230,2,1,-0.874018714309582,0
230,3,1,0.18393858683030373,1
230,4,1,4.337645702415259,1
231,1,0,0.16002340188385386,0
231,2,0,-1.4202172259886678,0
231,3,0,0.13865672246428773,0
231,4,0,1.0633179047841088,0
232,1,0,-1.1318091054800596,0
232,2,0,-1.7144339272059528,0
232,3,0,-0.08028777370067619,0
232,4,0,0.8100032685061456,0
233,1,0,-0.4913291487853361,0
233,2,0,1.8124642460699327,0
233,3,0,1.1191258271529432,0
233,4,0,0.5867446405133939,0
234,1,0,0.36124173666559456,0
234,2,0,1.2155963312009312,0
234,3,0,0.7590036285895253,0
234,4,0,0.46057055674765995,0
235,1,1,-0.668109476624969,0
235,2,1,0.6649610067061229,0
235,3,1,1.3615390838627766,1
235,4,1,7.074648570370041,1
236,1,0,0.6452566194745525,0
236,2,0,0.3207111135538929,0
236,3,0,-1.570333873802906,0
236,4,0,-0.11968668635014815,0
237,1,0,-0.25318948457010704,0
237,2,0,-0.20545852509050772,0
237,3,0,0.15507023735439088,0
237,4,0,-0.09126696882695592,0
238,1,1,-0.23594633429321077,0
238,2,1,-0.8816566972590547,0
238,3,1,2.218924940556052,1
238,4,1,4.952234357482454,1
239,1,0,-0.4372336539540567,0
239,2,0,0.06657262538664058,0
239,3,0,1.053994085231549,0
239,4,0,0.13138872054852924,0
240,1,0,0.014444051887419394,0
240,2,0,-0.22029196399855877,0
240,3,0,1.435155041613069,0
240,4,0,0.06601526316840564,0
241,1,0,1.5582119801441066,0
241,2,0,-1.1776488850515265,0
241,3,0,0.004503495500165885,0
241,4,0,-2.4126887359312157,0
242,1,1,-0.46763231533185545,0
242,2,1,-0.038360572305802365,0
242,3,1,2.737524310606443,1
242,4,1,4.525945530898668,1
243,1,0,0.2621136643148308,0
243,2,0,-0.5476074414584187,0
243,3,0,-0.09068827275153804,0
243,4,0,0.19829929673841018,0
244,1,0,1.4598036025499037,0
244,2,0,-0.21552006554392053,0
244,3,0,0.08390604497724623,0
244,4,0,-1.7713215420123782,0
245,1,1,1.2073321831559425,0
245,2,1,-1.2232876111352207,0
245,3,1,0.6981660840702317,1
245,4,1,5.1066731390960705,1
246,1,0,0.6985171827116571,0
246,2,0,1.281605734599363,0
246,3,0,0.27964279941535564,0
246,4,0,-0.6842666127086513,0
247,1,1,-0.6987492841622056,0
247,2,1,0.5650948656592848,0
247,3,1,1.6050351567327756,1
247,4,1,4.089393261047958,1
248,1,0,0.86297999376779,0
248,2,0,0.796381930371647,0
248,3,0,1.6685810318293492,0
248,4,0,0.6800319287602263,0
249,1,1,-0.8233196329158724,0
249,2,1,1.4821039619554632,0
249,3,1,0.2704276281616028,1
249,4,1,5.507096716372496,1
250,1,1,-1.3565304756000192,0
250,2,1,1.3619392477643477,0
250,3,1,1.7490479765511104,1
250,4,1,3.9052166667047827,1
251,1,1,1.0548639982853716,0
251,2,1,1.5313178389055018,0
251,3,1,2.0355922823270713,1
251,4,1,5.534620661892689,1
252,1,1,-0.03100980669969402,0
252,2,1,-0.3431374169793205,0
252,3,1,1.4746608988082455,1
252,4,1,5.237548744786718,1
253,1,1,1.7402558615651098,0
253,2,1,-0.03491691007859325,0
253,3,1,1.6985667556617363,1
253,4,1,2.977062759911217,1
254,1,1,-0.40318643225456346,0
254,2,1,0.9459410766534654,0
254,3,1,0.8148434664999362,1
254,4,1,3.3578461211710393,1
255,1,1,0.22737349493240086,0
255,2,1,0.9597670867791946,0
255,3,1,2.5660169943932503,1
255,4,1,4.919085862201146,1
256,1,1,-0.7757356324516781,0
256,2,1,-0.5231785516090777,0
256,3,1,3.9695589944574103,1
256,4,1,4.436912059560899,1
257,1,1,-1.0357018590947185,0
257,2,1,0.3749954182677561,0
257,3,1,0.27216694590915524,1
257,4,1,5.261341966260537,1
258,1,1,1.851600893624775,0
258,2,1,1.0590443541349477,0
258,3,1,1.6761047947136642,1
258,4,1,4.512692543451225,1
259,1,0,1.1692005903543288,0
259,2,0,1.1902025896019497,0
259,3,0,0.6878606120106406,0
259,4,0,-1.2679810456734784,0
260,1,0,-0.8994202751688724,0
260,2,0,-0.6565460486604249,0
260,3,0,0.9080471944263702,0
260,4,0,-0.7734255048536693,0
261,1,0,-1.1029540673910676,0
261,2,0,-0.175919995960003,0
261,3,0,-1.9669306163374185,0
261,4,0,-1.964947544707659,0
262,1,0,1.0701399705794927,0
262,2,0,-0.09477890664277336,0
262,3,0,-0.3099969310131,0
262,4,0,1.70474426817532,0
263,1,1,1.7082790725590766,0
263,2,1,0.29167482788805177,0
263,3,1,0.634157953963695,1
263,4,1,5.025965482057832,1
264,1,1,-0.5321671560006653,0
264,2,1,0.5360040864820415,0
264,3,1,-0.3441972370311066,1
264,4,1,4.575530621125447,1
265,1,0,-0.08025044542870285,0
265,2,0,1.0902968852258026,0
265,3,0,1.1857843255356222,0
265,4,0,0.7162425826865552,0
266,1,1,0.6012260267598014,0
266,2,1,-0.3335277887152341,0
266,3,1,0.01789864141830011,1
266,4,1,4.843979708937482,1
267,1,0,-0.6547635637386492,0
267,2,0,-0.9971629943821819,0
267,3,0,-1.7000183291505393,0
267,4,0,0.7985705264710471,0
268,1,0,-0.2546653639520127,0
268,2,0,2.3424902294152528,0
268,3,0,0.8451746542302747,0
268,4,0,-0.8490388036327947,0
269,1,1,-0.30468876968184516,0
269,2,1,-0.05464074815048793,0
269,3,1,0.22971604888990915,1
269,4,1,5.948964439919621,1
270,1,0,0.6815807158564369,0
270,2,0,0.2104439310000816,0
270,3,0,-0.3521091281284647,0
270,4,0,-1.4271977988141775,0
271,1,1,-0.580928327920165,0
271,2,1,0.8503540382558066,0
271,3,1,0.14870428132201208,1
271,4,1,5.121510117328782,1
272,1,1,0.10307389097549173,0
272,2,1,1.0194470619458287,0
272,3,1,-0.11255974266212365,1
272,4,1,4.724210064845169,1
273,1,1,-1.429079919568952,0
273,2,1,1.6004814005055952,0
273,3,1,1.7637522510788322,1
273,4,1,4.924994409993056,1
274,1,0,2.6560098844539968,0
274,2,0,-0.15131255121773313,0
274,3,0,-1.601622913845707,0
274,4,0,-1.0216129445036592,0
275,1,1,-0.41822157484365396,0
275,2,1,0.12073366099057971,0
275,3,1,1.6546911303837002,1
275,4,1,4.885898737168976,1
276,1,0,1.4701239138337037,0
276,2,0,-0.3690146160120911,0
276,3,0,-1.403318566858174,0
276,4,0,-0.016089642219515598,0
277,1,0,0.08511441998753178,0
277,2,0,0.3842140600112355,0
277,3,0,1.4199642932611871,0
277,4,0,-0.2521836287757806,0
278,1,1,0.8538288291399111,0
278,2,1,-1.0849204795286134,0
278,3,1,2.45922109337652,1
278,4,1,5.493938614098844,1
279,1,1,0.24906480673427167,0
279,2,1,0.3377855113366199,0
279,3,1,0.6250412546462416,1
279,4,1,3.8541707597913764,1
280,1,0,-0.7766889551742524,0
280,2,0,0.8200736398530886,0
280,3,0,-1.140206958888588,0
280,4,0,-1.006790880033556,0
281,1,1,-0.1338610855858359,0
281,2,1,0.5517816073630657,0
281,3,1,0.9871441284407565,1
281,4,1,2.5902996731122494,1
282,1,1,0.7852791964544495,0
282,2,1,0.9794086042947856,0
282,3,1,1.6443972250224248,1
282,4,1,4.518122033835526,1
283,1,0,0.9342299598100987,0
283,2,0,-0.6106766931127083,0
283,3,0,1.3607820615129183,0
283,4,0,-0.12992938741003224,0
284,1,0,-1.361753402606869,0
284,2,0,-1.0296868253660552,0
284,3,0,0.8271654344070946,0
284,4,0,-1.4408558119661248,0
285,1,1,1.080815072032064,0
285,2,1,0.3972912636590488,0
285,3,1,1.4292838931759617,1
285,4,1,4.447393743539463,1
286,1,0,0.20373586139758404,0
286,2,0,1.4795190160414087,0
286,3,0,0.9719727571806828,0
286,4,0,0.3875823581264511,0
287,1,0,0.6274861855570564,0
287,2,0,-2.6725978264093664,0
287,3,0,-1.0910967818812887,0
287,4,0,-0.35535175462643,0
288,1,0,0.8730756127348173,0
288,2,0,1.0622608157601579,0
288,3,0,-0.43745151301694607,0
288,4,0,-0.5183656434843926,0
289,1,1,-0.5611769868444049,0
289,2,1,-2.1433781695201723,0
289,3,1,-0.24392333391361465,1
289,4,1,3.731137502203434,1
290,1,1,1.4600293127434747,0
290,2,1,-0.8734533070131181,0
290,3,1,2.115744484986133,1
290,4,1,4.6599647398603965,1
291,1,0,-1.2072074889799118,0
291,2,0,0.4776398012310181,0
291,3,0,-1.1664659191359799,0
291,4,0,-0.5467313994077855,0
292,1,0,1.474526808243523,0
292,2,0,1.618190727914221,0
292,3,0,-0.8722129599403567,0
292,4,0,0.8555000927043237,0
293,1,0,-0.22851929761153666,0
293,2,0,0.5163521523288206,0
293,3,0,0.04830201176600399,0
293,4,0,-0.6419896845067422,0
294,1,0,0.4691732476935515,0
294,2,0,-1.842935372620867,0
294,3,0,1.57531017196787,0
294,4,0,-0.5449671788444825,0
295,1,1,-0.9818525296166397,0
295,2,1,-0.15264202712226485,0
295,3,1,2.969852558742303,1
295,4,1,5.976654849445933,1
296,1,1,-0.44168086251466804,0
296,2,1,-0.24258765121077747,0
296,3,1,0.9738924206168829,1
296,4,1,4.728191266490195,1
297,1,1,-0.9938515190700105,0
297,2,1,0.33472857908147563,0
297,3,1,1.578248261312385,1
297,4,1,4.571133429793508,1
298,1,0,0.19242800780742078,0
298,2,0,1.2392919625570036,0
298,3,0,-0.8658497490198559,0
298,4,0,-1.5252807715754289,0
299,1,1,0.12588499256890157,0
299,2,1,0.4909741227383226,0
299,3,1,-0.021539609898462153,1
299,4,1,4.170379339752232,1
300,1,1,1.442050649674019,0
300,2,1,0.5075953487926921,0
300,3,1,1.8012559414256135,1
300,4,1,4.525313765454187,1
301,1,1,-0.16118891517173856,0
301,2,1,0.1110053844847539,0
301,3,1,-0.34413379573970193,1
301,4,1,4.7658546354859155,1
302,1,1,0.5875945986487918,0
302,2,1,-0.1971825090956365,0
302,3,1,1.406244372508468,1
302,4,1,4.9816047561223975,1
303,1,1,-1.5975906870510286,0
303,2,1,-1.7020394416710922,0
303,3,1,-1.208898058811668,1
303,4,1,3.6878625896832773,1
304,1,0,0.8546056898749519,0
304,2,0,-1.1824200095615838,0
304,3,0,-0.46787443365015524,0
304,4,0,0.9815514095387942,0
305,1,1,-0.6284184315737863,0
305,2,1,-0.3456367276052896,0
305,3,1,-0.07648077144787901,1
305,4,1,5.651470692578524,1
306,1,0,-0.278967447101944,0
306,2,0,1.2730283398483184,0
306,3,0,-0.3107573607169747,0
306,4,0,0.3858527767087409,0
307,1,1,-0.82679476301989,0
307,2,1,0.4320494404777188,0
307,3,1,1.1043096163017425,1
307,4,1,5.724310897812345,1
308,1,0,0.23967854458452773,0
308,2,0,0.0930436711962423,0
308,3,0,-0.8532612096616093,0
308,4,0,-0.8511634072743964,0
309,1,1,-0.19714241211834507,0
309,2,1,-0.8861702329524316,0
309,3,1,-0.7699695116941385,1
309,4,1,4.616103333412813,1
310,1,1,0.9844604388791391,0
310,2,1,1.0991793876627944,0
310,3,1,-1.5485890064795762,1
310,4,1,4.128595838431029,1
311,1,1,-0.0873275534337273,0
311,2,1,-0.37836008259204723,0
311,3,1,1.0157158484750954,1
311,4,1,5.9049840083367044,1
312,1,1,-0.2903600689527205,0
312,2,1,-2.2543293780970055,0
312,3,1,0.8045535857169189,1
312,4,1,3.65101479384979,1
313,1,1,0.19216162026804182,0
313,2,1,0.3384560087565964,0
313,3,1,2.2495618432959774,1
313,4,1,5.664957344883367,1
314,1,0,-0.396004307916993,0
314,2,0,-0.11000458874986042,0
314,3,0,-0.11793052035365453,0
314,4,0,-2.0752825424778245,0
315,1,1,-1.1823704667054815,0
315,2,1,-0.4536561885979182,0
315,3,1,1.252734353469713,1
315,4,1,7.991346567289376,1
316,1,1,-1.6002035844793407,0
316,2,1,0.12050259716354587,0
316,3,1,0.6048439321381994,1
316,4,1,4.731973481776202,1
317,1,1,0.10993040655743629,0
317,2,1,-0.31698253875884,0
317,3,1,1.5385736133795884,1
317,4,1,3.7474964966676803,1
318,1,1,-1.5110156572391795,0
318,2,1,0.2915906054228328,0
318,3,1,1.9013720435224575,1
318,4,1,7.121467609616996,1
319,1,1,0.6454514361418949,0
319,2,1,0.524816197127144,0
319,3,1,2.2699305550123583,1
319,4,1,4.925350921121912,1
320,1,0,-1.3124538708216564,0
320,2,0,-0.6570064682220523,0
320,3,0,0.20374957533354057,0
320,4,0,-0.8215389174741728,0
321,1,1,-0.27272997301587765,0
321,2,1,0.9658232821433673,0
321,3,1,0.32937360626135137,1
321,4,1,5.629665319240708,1
322,1,0,0.381425842963173,0
322,2,0,-0.6440013644858664,0
322,3,0,1.6412021024415338,0
322,4,0,1.5042305243664718,0
323,1,1,-0.7093869128595445,0
323,2,1,-1.392917223046198,0
323,3,1,0.3733097604348119,1
323,4,1,2.90676160883721,1
324,1,1,1.8760563491809332,0
324,2,1,0.2822642366352492,0
324,3,1,0.34518907530902776,1
324,4,1,5.328914951434006,1
325,1,0,0.7129166667856648,0
325,2,0,1.5555173634541577,0
325,3,0,-1.3244411828718585,0
325,4,0,0.593939549375267,0
326,1,0,-0.5089701808878155,0
326,2,0,-1.97735024207248,0
326,3,0,-0.10463360700190454,0
326,4,0,1.3173194983581087,0
327,1,0,1.9884671389351671,0
327,2,0,-1.1201085710313654,0
327,3,0,0.5819596763052467,0
327,4,0,-0.4471499713870394,0
328,1,0,-0.3938893476167126,0
328,2,0,0.8119991001645872,0
328,3,0,1.3246613429149727,0
328,4,0,-0.05470965491627538,0
329,1,0,0.38102517129701213,0
329,2,0,-1.8341840245127397,0
329,3,0,1.444937784159309,0
329,4,0,-1.580393791647227,0
330,1,0,-0.4361178215066186,0
330,2,0,-0.6024031735300129,0
330,3,0,-1.4951542724953575,0
330,4,0,0.8904729284494703,0
331,1,0,-0.2759335075931893,0
331,2,0,1.6744119503081,0
331,3,0,-0.7382837675333707,0
331,4,0,-0.6141219048610437,0
332,1,1,1.2609970048969537,0
332,2,1,0.8689921585669603,0
332,3,1,1.9901966298272185,1
332,4,1,5.529503516188854,1
333,1,0,-0.5521716607670474,0
333,2,0,-0.655523051687281,0
333,3,0,-0.4221497597535586,0
333,4,0,-0.6449253243771274,0
334,1,1,0.3560915016413602,0
334,2,1,-0.44647672624270224,0
334,3,1,1.4706223594988947,1
334,4,1,5.330993314334504,1
335,1,0,-1.9590320218991357,0
335,2,0,1.4564628752504485,0
335,3,0,-0.8803967660929003,0
335,4,0,-0.16577265357278187,0
336,1,0,0.3004541468171306,0
336,2,0,0.018218166161521537,0
336,3,0,-0.8055449154921499,0
336,4,0,1.4637575835349956,0
337,1,1,-0.07439937723854903,0
337,2,1,-0.7753244403160328,0
337,3,1,-0.7120627033487477,1
337,4,1,4.124401431019373,1
338,1,0,-1.5235444299727439,0
338,2,0,0.34732843997643703,0
338,3,0,-0.725476404977641,0
338,4,0,0.7479194007656511,0
339,1,0,-0.9574332772368113,0
339,2,0,-0.5324678012696029,0
339,3,0,0.8716019940556877,0
339,4,0,-1.677092084751902,0
340,1,0,0.37490744477293303,0
340,2,0,0.019421809978705608,0
340,3,0,0.9899340910874823,0
340,4,0,0.6541879606856863,0
341,1,0,-2.730978450724406,0
341,2,0,-0.015781125959581328,0
341,3,0,-0.9435724455678417,0
341,4,0,1.434916735133522,0
342,1,0,-0.11592357903580669,0
342,2,0,-2.205083825039348,0
342,3,0,2.1608858731286658,0
342,4,0,-0.1331594051184117,0
343,1,1,0.7768619114074304,0
343,2,1,-0.4723280440694649,0
343,3,1,1.1265182461003864,1
343,4,1,4.211727114457184,1
344,1,0,2.57537066850359,0
344,2,0,-0.12286281119708554,0
344,3,0,0.721078534018179,0
344,4,0,0.516484457068484,0
345,1,0,0.14822506264040014,0
345,2,0,-0.9898283831674642,0
345,3,0,-0.11899010403993862,0
345,4,0,-1.2720609401785654,0
346,1,0,0.8912752688747648,0
346,2,0,0.869552811606319,0
346,3,0,0.579890085495288,0
346,4,0,1.9149688361136064,0
347,1,0,0.989760659670521,0
347,2,0,-1.8512358747925817,0
347,3,0,-1.0036031667877001,0
347,4,0,-0.6461300384551046,0
348,1,0,0.5732830874897815,0
348,2,0,-0.7372807083528796,0
348,3,0,-0.5209080284802994,0
348,4,0,-1.0242888353834392,0
349,1,1,0.6610584861167682,0
349,2,1,-0.3221078253199504,0
349,3,1,1.7137099544892744,1
349,4,1,4.185953235369076,1
350,1,0,-1.8666893671737101,0
350,2,0,0.6263935875562029,0
350,3,0,1.4194302383898978,0
350,4,0,0.37047909324201966,0
351,1,0,-0.16107567570814435,0
351,2,0,-0.9880214530842489,0
351,3,0,-1.8881265739265525,0
351,4,0,-1.5204509332692835,0
352,1,0,-0.38696156717312163,0
352,2,0,1.767639979395321,0
352,3,0,-0.2944003803816494,0
352,4,0,0.5180338868934146,0
353,1,0,-0.9275559923823529,0
353,2,0,1.0609504586666059,0
353,3,0,0.6539319956673066,0
353,4,0,0.9257018803490362,0
354,1,1,0.27471770406715046,0
354,2,1,-0.5348721267381971,0
354,3,1,1.4832635581380729,1
354,4,1,3.3211087674662254,1
355,1,1,-1.14798885626314,0
355,2,1,-1.9056352110397434,0
355,3,1,2.617881417110036,1
355,4,1,3.0504506458715603,1
356,1,1,0.04231091421095118,0
356,2,1,0.4342399405109393,0
356,3,1,1.8171246534360739,1
356,4,1,6.151279279274769,1
357,1,1,-0.18258589360023325,0
357,2,1,-0.12761098284299183,0
357,3,1,0.34380177460791916,1
357,4,1,4.215734174889268,1
358,1,0,-0.7961306643286872,0
358,2,0,0.29394720747515196,0
358,3,0,0.23098013363191236,0
358,4,0,-1.4966591355191183,0
359,1,1,-0.18216323989153965,0
359,2,1,-1.249191662485188,0
359,3,1,1.8713238989564376,1
359,4,1,5.01012843086739,1
360,1,0,-0.4366675087944982,0
360,2,0,0.1957746711578709,0
360,3,0,-1.863188424025915,0
360,4,0,-2.449386787975952,0
361,1,0,1.9163528031306218,0
361,2,0,0.4228197610381481,0
361,3,0,0.11852273967354379,0
361,4,0,-0.5495029578672738,0
362,1,0,-0.4511024196157329,0
362,2,0,-0.38638485852200805,0
362,3,0,-0.5604355059810235,0
362,4,0,-0.7415240713891379,0
363,1,1,-0.8801626890980787,0
363,2,1,-0.5129466762332758,0
363,3,1,1.902187867624358,1
363,4,1,6.540179193118729,1
364,1,0,-0.039034776220526146,0
364,2,0,-1.6547654372549447,0
364,3,0,1.031301109245686,0
364,4,0,0.9296046921538069,0
365,1,0,0.2904871760075452,0
365,2,0,0.665095081518583,0
365,3,0,0.3700849657839231,0
365,4,0,1.4125676739470383,0
366,1,0,0.3857534529782808,0
366,2,0,0.3096707378865103,0
366,3,0,3.987407359874994e-5,0
366,4,0,1.2041240052169147,0
367,1,1,1.4023705653020653,0
367,2,1,0.7688167101518416,0
367,3,1,1.6978844550783658,1
367,4,1,4.8831209570395755,1
368,1,0,1.9726405597558383,0
368,2,0,0.2982480190044793,0
368,3,0,-1.1281073955495096,0
368,4,0,-0.38446482111588337,0
369,1,1,0.9609934838917609,0
369,2,1,-0.6221729963823509,0
369,3,1,1.6383726333195092,1
369,4,1,3.6564064270096877,1
370,1,1,-0.7717630620207147,0
370,2,1,1.5161528521944052,0
370,3,1,0.9901660811053226,1
370,4,1,4.634308930841009,1
371,1,1,-0.48299149988541046,0
371,2,1,-0.4580496197699961,0
371,3,1,1.560984322821695,1
371,4,1,5.2313087511709195,1
372,1,0,1.4999010534847526,0
372,2,0,0.10476997827727706,0
372,3,0,-1.6737303824161656,0
372,4,0,0.7328917846081826,0
373,1,0,0.9389832603795714,0
373,2,0,0.18938117341994926,0
373,3,0,-0.15206332056062952,0
373,4,0,-0.8588036547937509,0
374,1,1,-0.4068604305784047,0
374,2,1,0.5704255732297017,0
374,3,1,0.2919482256950152,1
374,4,1,3.019071414633816,1
375,1,1,-0.7235029050746026,0
375,2,1,-0.38779542307303944,0
375,3,1,2.728661589736047,1
375,4,1,5.315136781079667,1
376,1,0,-1.5391121889289061,0
376,2,0,-1.2767375242955925,0
376,3,0,-1.1603748639534832,0
376,4,0,0.35966156736522864,0
377,1,1,-0.7284699103390306,0
377,2,1,0.831301054754271,0
377,3,1,-1.1280952744587105,1
377,4,1,4.688453280484721,1
378,1,0,0.6674601896510858,0
378,2,0,-0.6643152904098601,0
378,3,0,0.03657419449620769,0
378,4,0,1.4389834576098912,0
379,1,1,-1.3849941011711402,0
379,2,1,-1.0001268429200034,0
379,3,1,-0.004251164355791204,1
379,4,1,3.7732963719842694,1
380,1,1,-0.8937332805888305,0
380,2,1,0.3707759818035714,0
380,3,1,0.6564640630968912,1
380,4,1,3.927697675666992,1
381,1,0,0.5146988957268316,0
381,2,0,1.1277610723427487,0
381,3,0,-0.8479709436905142,0
381,4,0,-0.03437404314186181,0
382,1,0,0.011779727608686414,0
382,2,0,-0.09595000644221478,0
382,3,0,0.35862705960978153,0
382,4,0,2.01294644278441,0
383,1,0,0.3450377992996785,0
383,2,0,2.5245871811089904,0
383,3,0,-0.1970121496400932,0
383,4,0,-0.019973820290204242,0
384,1,0,0.1584822251063382,0
384,2,0,-0.953297074220323,0
384,3,0,-0.06458975676941571,0
384,4,0,-0.5333857674676359,0
385,1,0,-1.9504547441826223,0
385,2,0,0.16909074317610956,0
385,3,0,-0.6815169678820534,0
385,4,0,-1.347138272416384,0
386,1,0,-0.26600838855230313,0
386,2,0,1.2091497332363652,0
386,3,0,0.06550886467750691,0
386,4,0,-0.412989827097753,0
387,1,1,-0.12622134731308682,0
387,2,1,-0.04954466725963263,0
387,3,1,1.166705550124347,1
387,4,1,2.4946236059317046,1
388,1,0,-2.009491532066099,0
388,2,0,-0.13240085651348116,0
388,3,0,0.8911430682320473,0
388,4,0,-0.7771316251875781,0
389,1,1,0.38876227967391985,0
389,2,1,2.7516320174421396,0
389,3,1,-0.18870927234592116,1
389,4,1,6.0497957692358275,1
390,1,1,-1.1003794550364165,0
390,2,1,-0.46501824429044064,0
390,3,1,1.9599446101227695,1
390,4,1,4.026125580021933,1
391,1,0,0.9725319035605846,0
391,2,0,-0.18828715635575874,0
391,3,0,0.2631682799441771,0
391,4,0,-0.5356848967100697,0
392,1,0,-2.5370542704417045,0
392,2,0,-0.5997164055606625,0
392,3,0,-1.5602725893772027,0
392,4,0,0.22181051153930548,0
393,1,1,-0.08301642579719185,0
393,2,1,-1.635789442074083,0
393,3,1,0.34083675954546677,1
393,4,1,4.301582688260977,1
394,1,1,0.09194573948468854,0
394,2,1,0.26553847510718714,0
394,3,1,1.7253438265785566,1
394,4,1,5.239011855513573,1
395,1,1,-0.41149878365171294,0
395,2,1,-0.9405937436934516,0
395,3,1,0.6032740162593948,1
395,4,1,3.0434417064916106,1
396,1,0,0.1896074777318662,0
396,2,0,0.8666782215507418,0
396,3,0,-1.9866139081198786,0
396,4,0,-1.0604555149858397,0
397,1,0,-0.20072923932965867,0
397,2,0,-0.5593786908841284,0
397,3,0,-0.29806759064100263,0
397,4,0,-1.8360438490926834,0
398,1,0,0.408697579601949,0
398,2,0,0.10449669109920415,0
398,3,0,2.56632101644232,0
398,4,0,-1.4070972397364947,0
399,1,1,-0.1275916226330993,0
399,2,1,-0.07559971921876346,0
399,3,1,0.4796626970270498,1
399,4,1,5.122406425837968,1
400,1,0,0.5002384063327903,0
400,2,0,-0.12400651770089413,0
400,3,0,-0.07982539451573263,0
400,4,0,1.0477189673788667,0
401,1,1,0.8309721701207092,0
401,2,1,-0.5004105021932441,0
401,3,1,-0.05828760797327104,1
401,4,1,5.5391351111621905,1
402,1,1,-0.020607331328899834,0
402,2,1,-0.6078111336582788,0
402,3,1,0.07359946144608842,1
402,4,1,3.5949878687103665,1
403,1,0,-1.4831537071781502,0
403,2,0,-0.13416932314120777,0
403,3,0,-0.3464259477805384,0
403,4,0,0.306145487023015,0
404,1,0,0.9131062831946849,0
404,2,0,-0.42978272060189043,0
404,3,0,-0.760854105982462,0
404,4,0,-1.4798761340186402,0
405,1,0,0.6466667268226161,0
405,2,0,0.4725532188559818,0
405,3,0,0.6060814310537199,0
405,4,0,-0.35170812623547615,0
406,1,1,-2.1880774540052763,0
406,2,1,0.5494903769374224,0
406,3,1,0.9946848235230361,1
406,4,1,3.3132907822925945,1
407,1,0,0.4984797651572505,0
407,2,0,1.2745263482413687,0
407,3,0,0.039685288871640294,0
407,4,0,0.04369291579060166,0
408,1,1,1.6099443297031062,0
408,2,1,-0.4188420018005703,0
408,3,1,0.6742902580528534,1
408,4,1,5.289675498547998,1
409,1,0,-1.3632807900322343,0
409,2,0,-1.0268382395638826,0
409,3,0,0.026207414410029783,0
409,4,0,-0.43049596221692304,0
410,1,0,-0.5599820910258717,0
410,2,0,-0.6491628981807386,0
410,3,0,0.23427172361318122,0
410,4,0,-1.2332537961151848,0
411,1,1,0.3345485050502384,0
411,2,1,2.084912863553127,0
411,3,1,2.1829299647956937,1
411,4,1,5.87794732820513,1
412,1,1,-0.35146110585161067,0
412,2,1,0.879427475380508,0
412,3,1,0.6472137556101103,1
412,4,1,5.660383622805998,1
413,1,1,-0.9479845118172492,0
413,2,1,-0.5874025931613499,0
413,3,1,3.1868892621522527,1
413,4,1,6.324972711780487,1
414,1,1,-0.49586968727046293,0
414,2,1,-0.34555077086087543,0
414,3,1,1.7056645873240415,1
414,4,1,4.1495751019394564,1
415,1,0,-0.9793950861836933,0
415,2,0,0.9983852103099753,0
415,3,0,-1.4113558191699431,0
415,4,0,-0.015523798125218266,0
416,1,0,-1.2489321846148533,0
416,2,0,-1.3167283943948458,0
416,3,0,1.1277259352061284,0
416,4,0,1.9402064337967289,0
417,1,0,0.4540267371534362,0
417,2,0,-0.0072767556858374235,0
417,3,0,-0.8050117160706804,0
417,4,0,-0.4520214204116235,0
418,1,1,0.17616951125701907,0
418,2,1,-0.03018333603226814,0
418,3,1,3.558188610174483,1
418,4,1,6.437032965645372,1
419,1,1,0.3881983565869143,0
419,2,1,-1.8585555214460414,0
419,3,1,0.27771560331680867,1
419,4,1,5.099791438607885,1
420,1,0,0.12412089522768939,0
420,2,0,1.6427922763683092,0
420,3,0,-0.08110383612316457,0
420,4,0,-0.03722416210201906,0
421,1,0,1.198940194845394,0
421,2,0,0.31897100446299803,0
421,3,0,-0.5714298596541564,0
421,4,0,0.13472899406866293,0
422,1,0,0.9687530843338868,0
422,2,0,1.4072150799669811,0
422,3,0,-0.07155660221487549,0
422,4,0,0.16712569543395253,0
423,1,0,0.4409405297985964,0
423,2,0,1.3157523723847413,0
423,3,0,-0.582702785392011,0
423,4,0,0.09387552250760471,0
424,1,0,0.7257779037560479,0
424,2,0,1.637834594111153,0
424,3,0,-0.17761557392989655,0
424,4,0,0.8231408514374761,0
425,1,0,-0.5828330204606951,0
425,2,0,1.0742234062183358,0
425,3,0,-1.2912046839719704,0
425,4,0,-0.8576982257846837,0
426,1,0,-0.3207420647254145,0
426,2,0,0.15538032074541852,0
426,3,0,-0.5533081548286295,0
426,4,0,0.6214256095294095,0
427,1,0,0.6471163974743663,0
427,2,0,0.0814168073336285,0
427,3,0,0.8873417912619813,0
427,4,0,-1.5397383120704624,0
428,1,0,0.39035319754123154,0
428,2,0,0.07542393739723138,0
428,3,0,0.4698214683875383,0
428,4,0,1.0953060785400817,0
429,1,1,0.4894184801148039,0
429,2,1,1.5415983001530669,0
429,3,1,1.1524726822444165,1
429,4,1,4.268820346390901,1
430,1,1,-1.0196592790177035,0
430,2,1,-0.3985352314346813,0
430,3,1,-1.64708842364635,1
430,4,1,5.2057553708328825,1
431,1,0,0.5880973077960451,0
431,2,0,-2.6864075392504905,0
431,3,0,1.1868636054043378,0
431,4,0,-1.247671165709345,0
432,1,1,1.267438330886857,0
432,2,1,-1.4658052789508258,0
432,3,1,0.7772826791064553,1
432,4,1,4.506674047242136,1
433,1,1,0.7399163763994462,0
433,2,1,0.8204989101984619,0
433,3,1,2.535700448466885,1
433,4,1,4.185337642560057,1
434,1,0,-0.4369992192106631,0
434,2,0,0.1119821864159188,0
434,3,0,-0.13214402376591655,0
434,4,0,-0.36897410128692654,0
435,1,0,0.6980973310381327,0
435,2,0,-0.025472712780870016,0
435,3,0,1.2416501615131108,0
435,4,0,2.981608274851239,0
436,1,0,0.5693269554981449,0
436,2,0,-1.6039923679933084,0
436,3,0,-0.34465181796268335,0
436,4,0,0.1591471178873923,0
437,1,0,0.9463901900656578,0
437,2,0,-1.1296105755257466,0
437,3,0,-1.2727725567454258,0
437,4,0,-0.6414463527196297,0
438,1,0,2.562124497078948,0
438,2,0,0.1586087788681019,0
438,3,0,0.5976335612094401,0
438,4,0,-0.825576097933124,0
439,1,0,1.859730919350857,0
439,2,0,-1.8822689240012,0
439,3,0,-1.5184832543720657,0
439,4,0,-1.554425239948041,0
440,1,0,-0.30574212504768206,0
440,2,0,-0.07813384986599257,0
440,3,0,-1.6913436184238138,0
440,4,0,1.3921998067344872,0
441,1,1,0.691072843305664,0
441,2,1,-1.2840453589322671,0
441,3,1,1.8170638442651827,1
441,4,1,6.0470091650980295,1
442,1,0,0.0946025948160469,0
442,2,0,0.4198984698118024,0
442,3,0,-1.4147358049920797,0
442,4,0,0.6865690358056804,0
443,1,0,-0.9446220768639692,0
443,2,0,-0.0023608633078238714,0
443,3,0,-0.052076718817928455,0
443,4,0,-0.5738988276533226,0
444,1,0,2.095309126918653,0
444,2,0,-2.6245154303654625,0
444,3,0,-1.1160602569705855,0
444,4,0,0.23660566597422056,0
445,1,0,-1.8907806050532985,0
445,2,0,0.5577648511198597,0
445,3,0,-0.2790557604619931,0
445,4,0,0.47161638430295555,0
446,1,0,0.2330104519682707,0
446,2,0,0.9407666615721374,0
446,3,0,0.3545547537841902,0
446,4,0,0.8858776429229187,0
447,1,0,1.2211979268395277,0
447,2,0,1.0541161814621023,0
447,3,0,-1.0602655388231517,0
447,4,0,-0.1929305473110305,0
448,1,1,-1.5335913172047093,0
448,2,1,-0.530313989359796,0
448,3,1,1.0048834086300535,1
448,4,1,4.706717786507957,1
449,1,0,0.14811177043579432,0
449,2,0,-0.35882691396707805,0
449,3,0,0.8256509899987933,0
449,4,0,0.7615082171582482,0
450,1,0,-1.6735119450526847,0
450,2,0,0.17550085077445468,0
450,3,0,0.8739974172884067,0
450,4,0,-1.5845313428551588,0
451,1,1,-0.11653600765660155,0
451,2,1,-0.8541218044348069,0
451,3,1,0.6532629748341978,1
451,4,1,6.107843799009812,1
452,1,0,0.06124000856376166,0
452,2,0,0.39044591292972747,0
452,3,0,0.9642635450899999,0
452,4,0,1.5286055361876767,0
453,1,1,-1.409157967460075,0
453,2,1,-0.11309392916616615,0
453,3,1,1.53172354681605,1
453,4,1,4.283849422294767,1
454,1,1,-0.22296553063769198,0
454,2,1,0.38494193354156014,0
454,3,1,1.6239593918984867,1
454,4,1,4.434803176958225,1
455,1,1,-0.4417407524900022,0
455,2,1,0.2979642875661029,0
455,3,1,2.419393190162526,1
455,4,1,6.438208118308007,1
456,1,1,-0.7460807286222879,0
456,2,1,1.9902346175391408,0
456,3,1,-0.16957721474321286,1
456,4,1,3.6691136733801724,1
457,1,1,1.7424291651706765,0
457,2,1,2.0870359687102704,0
457,3,1,0.5631279077277656,1
457,4,1,5.753653150184816,1
458,1,1,-0.19209302796927705,0
458,2,1,0.48554679754368235,0
458,3,1,1.7163797568818047,1
458,4,1,4.0780528580705155,1
459,1,0,-0.39079422645950995,0
459,2,0,0.9456673335566184,0
459,3,0,-0.04011892323684849,0
459,4,0,0.027256264427084804,0
460,1,0,-0.6611074015888391,0
460,2,0,-0.36544736695327146,0
460,3,0,0.9442965987874076,0
460,4,0,0.5005194880797668,0
461,1,1,-0.6601972743912211,0
461,2,1,-0.2580475097044025,0
461,3,1,3.015313317243064,1
461,4,1,3.765256890388416,1
462,1,1,0.03573845870303435,0
462,2,1,1.4547871272142736,0
462,3,1,2.050672298870276,1
462,4,1,6.685012239681628,1
463,1,0,0.13035806614285894,0
463,2,0,-0.23508556376359038,0
463,3,0,0.060181299546703454,0
463,4,0,0.9858716892523325,0
464,1,0,-0.3309338182747697,0
464,2,0,0.5217579030907494,0
464,3,0,1.2230042987158098,0
464,4,0,-1.3303505211600488,0
465,1,1,1.409502648462758,0
465,2,1,-1.4068651222892616,0
465,3,1,-0.07162019174540712,1
465,4,1,3.9965042473449146,1
466,1,1,-0.9016983376263876,0
466,2,1,-0.35375076201638667,0
466,3,1,1.5003725212436003,1
466,4,1,6.135446427079353,1
467,1,0,0.5118900719061165,0
467,2,0,0.4291502165337958,0
467,3,0,0.0686526261241307,0
467,4,0,0.41464566890074683,0
468,1,1,0.4767480897950139,0
468,2,1,-0.25146082079714155,0
468,3,1,0.9470100087319835,1
468,4,1,4.430752137926166,1
469,1,1,-1.1116264865911876,0
469,2,1,1.2558100353673263,0
469,3,1,1.3535746339027144,1
469,4,1,5.112963259667581,1
470,1,0,-0.7037002790694287,0
470,2,0,-2.285508069952945,0
470,3,0,-1.0739431405663449,0
470,4,0,-1.0404412812039998,0
471,1,0,-0.6462996403209256,0
471,2,0,0.9380676585527435,0
471,3,0,-0.7200855310424275,0
471,4,0,0.13786936365450855,0
472,1,0,1.6387279478696608,0
472,2,0,-0.774033461352461,0
472,3,0,0.4653456968946666,0
472,4,0,-0.5622354248274442,0
473,1,0,0.5462598081862999,0
473,2,0,-0.6994541162458074,0
473,3,0,-0.11218218849372855,0
473,4,0,-0.1308802961940521,0
474,1,1,1.7157008137838292,0
474,2,1,-0.8341372796212763,0
474,3,1,0.8822766878842963,1
474,4,1,4.106295948720129,1
475,1,0,-1.4378029169715716,0
475,2,0,1.7506455513916632,0
475,3,0,-0.7887486711039511,0
475,4,0,-0.67286435535749,0
476,1,0,-0.6531151577463242,0
476,2,0,0.5657400570999676,0
476,3,0,0.3724860878612392,0
476,4,0,0.9763961674975418,0
477,1,1,-1.6761226626197807,0
477,2,1,0.6654710038951686,0
477,3,1,1.538794791598972,1
477,4,1,3.9597223620732853,1
478,1,0,-1.890424677079867,0
478,2,0,-0.24929883298014305,0
478,3,0,-0.46046357379820735,0
478,4,0,1.5525218203540216,0
479,1,0,0.37478510857057745,0
479,2,0,-0.028307972479295385,0
479,3,0,0.550023020975579,0
479,4,0,-1.1416159919591602,0
480,1,1,-0.9508202990375586,0
480,2,1,-0.8731029473882956,0
480,3,1,0.8722628459262378,1
480,4,1,3.547714707417037,1
481,1,0,-0.7005838020495623,0
481,2,0,-0.4363314583304395,0
481,3,0,1.4181621474571877,0
481,4,0,1.0326570982974348,0
482,1,1,0.7983679872596935,0
482,2,1,0.2631962723146708,0
482,3,1,-0.6792252912702403,1
482,4,1,3.967440075729039,1
483,1,0,-0.7654787914314174,0
483,2,0,-0.2879329381668604,0
483,3,0,-0.23967726872100517,0
483,4,0,-0.14418004140049986,0
484,1,1,-0.18051026823356237,0
484,2,1,0.39266030639532595,0
484,3,1,-0.18578365327178537,1
484,4,1,4.980741391280109,1
485,1,1,2.707364121305477,0
485,2,1,0.46770225698236717,0
485,3,1,2.6744759023501263,1
485,4,1,5.2123768365162935,1
486,1,1,-0.036637660576633556,0
486,2,1,1.0457774552378845,0
486,3,1,0.790147052450076,1
486,4,1,3.8315569040754296,1
487,1,0,-0.9175660569817365,0
487,2,0,1.3249834947216665,0
487,3,0,0.1606924129219813,0
487,4,0,0.5505104441487068,0
488,1,0,0.6349701460827358,0
488,2,0,-0.5296592888303243,0
488,3,0,-1.0324539524325802,0
488,4,0,1.49426988524676,0
489,1,1,0.4946818782808808,0
489,2,1,-0.27337836574771907,0
489,3,1,0.6523472189863154,1
489,4,1,4.434743069612295,1
490,1,1,-0.8954719504306093,0
490,2,1,-0.41827270932582256,0
490,3,1,1.8593011101134258,1
490,4,1,7.102206157059399,1
491,1,0,-0.21764596841002862,0
491,2,0,0.45246397425000245,0
491,3,0,1.0859580925199106,0
491,4,0,-2.1903237608657737,0
492,1,0,0.5955027154855899,0
492,2,0,-1.0105082752185297,0
492,3,0,-1.3774172327070964,0
492,4,0,-0.23286358248169178,0
493,1,0,-2.3297774612224633,0
493,2,0,-1.0701753267454395,0
493,3,0,1.0777946716630897,0
493,4,0,-0.14742813977693006,0
494,1,1,-0.7454036875273443,0
494,2,1,-0.7610751603157624,0
494,3,1,0.2163940147272011,1
494,4,1,6.638655623417665,1
495,1,0,-0.1344356966198651,0
495,2,0,0.8300869298569472,0
495,3,0,-0.46968764562369014,0
495,4,0,0.28753547127334544,0
496,1,1,3.2888416888466003,0
496,2,1,2.441568856042584,0
496,3,1,0.5329361055236532,1
496,4,1,6.038860662147678,1
497,1,1,-0.2822646768875578,0
497,2,1,-0.06354410823586652,0
497,3,1,0.9069615160776894,1
497,4,1,4.0179391965008,1
498,1,1,-1.1432529254845347,0
498,2,1,-0.3318819970438167,0
498,3,1,0.5260771108460175,1
498,4,1,3.9224470116482153,1
499,1,1,0.25165797460419825,0
499,2,1,0.8463664614868512,0
499,3,1,1.1000681656466582,1
499,4,1,7.463846662700988,1
500,1,0,1.539361871774653,0
500,2,0,-0.021948418449816823,0
500,3,0,0.43177340634206585,0
500,4,0,0.5829313647733348,0
