X,G,D,value,InitialValue
15～19歳,就業者,1990,169,169
15～19歳,就業者,1991,171,169
15～19歳,就業者,1992,167,169
15～19歳,就業者,1993,158,169
15～19歳,就業者,1994,146,169
15～19歳,就業者,1995,134,169
15～19歳,就業者,1996,131,169
15～19歳,就業者,1997,131,169
15～19歳,就業者,1998,126,169
15～19歳,就業者,1999,119,169
15～19歳,就業者,2000,117,169
15～19歳,就業者,2001,115,169
15～19歳,就業者,2002,109,169
15～19歳,就業者,2003,103,169
15～19歳,就業者,2004,98,169
15～19歳,就業者,2005,97,169
15～19歳,就業者,2006,96,169
15～19歳,就業者,2007,94,169
15～19歳,就業者,2008,92,169
15～19歳,就業者,2009,84,169
15～19歳,就業者,2010,82,169
15～19歳,就業者,2012,81,169
15～19歳,就業者,2013,88,169
15～19歳,就業者,2014,92,169
15～19歳,就業者,2015,93,169
15～19歳,就業者,2016,99,169
15～19歳,就業者,2017,97,169
15～19歳,就業者,2018,112,169
15～19歳,就業者,2019,119,169
15～19歳,就業者,2020,105,169
15～19歳,就業者,2021,102,169
15～19歳,就業者,2022,106,169
15～19歳,就業者,2023,111,169
20～24歳,就業者,1990,629,629
20～24歳,就業者,1991,665,629
20～24歳,就業者,1992,688,629
20～24歳,就業者,1993,697,629
20～24歳,就業者,1994,704,629
20～24歳,就業者,1995,698,629
20～24歳,就業者,1996,689,629
20～24歳,就業者,1997,669,629
20～24歳,就業者,1998,639,629
20～24歳,就業者,1999,596,629
20～24歳,就業者,2000,575,629
20～24歳,就業者,2001,546,629
20～24歳,就業者,2002,517,629
20～24歳,就業者,2003,499,629
20～24歳,就業者,2004,485,629
20～24歳,就業者,2005,482,629
20～24歳,就業者,2006,478,629
20～24歳,就業者,2007,469,629
20～24歳,就業者,2008,459,629
20～24歳,就業者,2009,436,629
20～24歳,就業者,2010,420,629
20～24歳,就業者,2012,394,629
20～24歳,就業者,2013,399,629
20～24歳,就業者,2014,400,629
20～24歳,就業者,2015,403,629
20～24歳,就業者,2016,420,629
20～24歳,就業者,2017,422,629
20～24歳,就業者,2018,450,629
20～24歳,就業者,2019,461,629
20～24歳,就業者,2020,458,629
20～24歳,就業者,2021,455,629
20～24歳,就業者,2022,441,629
20～24歳,就業者,2023,451,629
25～29歳,就業者,1990,624,624
25～29歳,就業者,1991,633,624
25～29歳,就業者,1992,639,624
25～29歳,就業者,1993,654,624
25～29歳,就業者,1994,671,624
25～29歳,就業者,1995,686,624
25～29歳,就業者,1996,726,624
25～29歳,就業者,1997,743,624
25～29歳,就業者,1998,756,624
25～29歳,就業者,1999,766,624
25～29歳,就業者,2000,775,624
25～29歳,就業者,2001,771,624
25～29歳,就業者,2002,735,624
25～29歳,就業者,2003,717,624
25～29歳,就業者,2004,697,624
25～29歳,就業者,2005,676,624
25～29歳,就業者,2006,662,624
25～29歳,就業者,2007,629,624
25～29歳,就業者,2008,616,624
25～29歳,就業者,2009,601,624
25～29歳,就業者,2010,591,624
25～29歳,就業者,2012,569,624
25～29歳,就業者,2013,560,624
25～29歳,就業者,2014,552,624
25～29歳,就業者,2015,539,624
25～29歳,就業者,2016,539,624
25～29歳,就業者,2017,533,624
25～29歳,就業者,2018,535,624
25～29歳,就業者,2019,539,624
25～29歳,就業者,2020,543,624
25～29歳,就業者,2021,550,624
25～29歳,就業者,2022,558,624
25～29歳,就業者,2023,564,624
30～34歳,就業者,1990,572,572
30～34歳,就業者,1991,574,572
30～34歳,就業者,1992,575,572
30～34歳,就業者,1993,579,572
30～34歳,就業者,1994,580,572
30～34歳,就業者,1995,591,572
30～34歳,就業者,1996,594,572
30～34歳,就業者,1997,611,572
30～34歳,就業者,1998,622,572
30～34歳,就業者,1999,637,572
30～34歳,就業者,2000,648,572
30～34歳,就業者,2001,681,572
30～34歳,就業者,2002,703,572
30～34歳,就業者,2003,718,572
30～34歳,就業者,2004,737,572
30～34歳,就業者,2005,743,572
30～34歳,就業者,2006,739,572
30～34歳,就業者,2007,727,572
30～34歳,就業者,2008,701,572
30～34歳,就業者,2009,670,572
30～34歳,就業者,2010,647,572
30～34歳,就業者,2012,620,572
30～34歳,就業者,2013,609,572
30～34歳,就業者,2014,600,572
30～34歳,就業者,2015,589,572
30～34歳,就業者,2016,586,572
30～34歳,就業者,2017,591,572
30～34歳,就業者,2018,585,572
30～34歳,就業者,2019,571,572
30～34歳,就業者,2020,555,572
30～34歳,就業者,2021,548,572
30～34歳,就業者,2022,552,572
30～34歳,就業者,2023,551,572
35～39歳,就業者,1990,719,719
35～39歳,就業者,1991,682,719
35～39歳,就業者,1992,656,719
35～39歳,就業者,1993,631,719
35～39歳,就業者,1994,621,719
35～39歳,就業者,1995,605,719
35～39歳,就業者,1996,599,719
35～39歳,就業者,1997,610,719
35～39歳,就業者,1998,610,719
35～39歳,就業者,1999,607,719
35～39歳,就業者,2000,621,719
35～39歳,就業者,2001,618,719
35～39歳,就業者,2002,623,719
35～39歳,就業者,2003,643,719
35～39歳,就業者,2004,658,719
35～39歳,就業者,2005,672,719
35～39歳,就業者,2006,706,719
35～39歳,就業者,2007,731,719
35～39歳,就業者,2008,746,719
35～39歳,就業者,2009,748,719
35～39歳,就業者,2010,754,719
35～39歳,就業者,2012,747,719
35～39歳,就業者,2013,731,719
35～39歳,就業者,2014,709,719
35～39歳,就業者,2015,683,719
35～39歳,就業者,2016,660,719
35～39歳,就業者,2017,655,719
35～39歳,就業者,2018,646,719
35～39歳,就業者,2019,639,719
35～39歳,就業者,2020,624,719
35～39歳,就業者,2021,618,719
35～39歳,就業者,2022,619,719
35～39歳,就業者,2023,608,719
40～44歳,就業者,1990,872,872
40～44歳,就業者,1991,929,872
40～44歳,就業者,1992,912,872
40～44歳,就業者,1993,858,872
40～44歳,就業者,1994,792,872
40～44歳,就業者,1995,742,872
40～44歳,就業者,1996,707,872
40～44歳,就業者,1997,686,872
40～44歳,就業者,1998,656,872
40～44歳,就業者,1999,643,872
40～44歳,就業者,2000,632,872
40～44歳,就業者,2001,628,872
40～44歳,就業者,2002,629,872
40～44歳,就業者,2003,634,872
40～44歳,就業者,2004,637,872
40～44歳,就業者,2005,653,872
40～44歳,就業者,2006,655,872
40～44歳,就業者,2007,669,872
40～44歳,就業者,2008,681,872
40～44歳,就業者,2009,689,872
40～44歳,就業者,2010,698,872
40～44歳,就業者,2012,763,872
40～44歳,就業者,2013,785,872
40～44歳,就業者,2014,806,872
40～44歳,就業者,2015,816,872
40～44歳,就業者,2016,811,872
40～44歳,就業者,2017,802,872
40～44歳,就業者,2018,790,872
40～44歳,就業者,2019,762,872
40～44歳,就業者,2020,726,872
40～44歳,就業者,2021,703,872
40～44歳,就業者,2022,694,872
40～44歳,就業者,2023,680,872
45～49歳,就業者,1990,756,756
45～49歳,就業者,1991,724,756
45～49歳,就業者,1992,741,756
45～49歳,就業者,1993,786,756
45～49歳,就業者,1994,819,756
45～49歳,就業者,1995,868,756
45～49歳,就業者,1996,918,756
45～49歳,就業者,1997,908,756
45～49歳,就業者,1998,853,756
45～49歳,就業者,1999,787,756
45～49歳,就業者,2000,740,756
45～49歳,就業者,2001,703,756
45～49歳,就業者,2002,670,756
45～49歳,就業者,2003,652,756
45～49歳,就業者,2004,647,756
45～49歳,就業者,2005,643,756
45～49歳,就業者,2006,639,756
45～49歳,就業者,2007,649,756
45～49歳,就業者,2008,649,756
45～49歳,就業者,2009,644,756
45～49歳,就業者,2010,660,756
45～49歳,就業者,2012,676,756
45～49歳,就業者,2013,696,756
45～49歳,就業者,2014,717,756
45～49歳,就業者,2015,733,756
45～49歳,就業者,2016,774,756
45～49歳,就業者,2017,807,756
45～49歳,就業者,2018,826,756
45～49歳,就業者,2019,847,756
45～49歳,就業者,2020,847,756
45～49歳,就業者,2021,838,756
45～49歳,就業者,2022,830,756
45～49歳,就業者,2023,806,756
50～54歳,就業者,1990,645,645
50～54歳,就業者,1991,659,645
50～54歳,就業者,1992,685,645
50～54歳,就業者,1993,696,645
50～54歳,就業者,1994,725,645
50～54歳,就業者,1995,716,645
50～54歳,就業者,1996,682,645
50～54歳,就業者,1997,705,645
50～54歳,就業者,1998,745,645
50～54歳,就業者,1999,777,645
50～54歳,就業者,2000,824,645
50～54歳,就業者,2001,869,645
50～54歳,就業者,2002,843,645
50～54歳,就業者,2003,799,645
50～54歳,就業者,2004,747,645
50～54歳,就業者,2005,707,645
50～54歳,就業者,2006,680,645
50～54歳,就業者,2007,657,645
50～54歳,就業者,2008,639,645
50～54歳,就業者,2009,628,645
50～54歳,就業者,2010,621,645
50～54歳,就業者,2012,623,645
50～54歳,就業者,2013,636,645
50～54歳,就業者,2014,643,645
50～54歳,就業者,2015,661,645
50～54歳,就業者,2016,665,645
50～54歳,就業者,2017,683,645
50～54歳,就業者,2018,709,645
50～54歳,就業者,2019,732,645
50～54歳,就業者,2020,741,645
50～54歳,就業者,2021,772,645
50～54歳,就業者,2022,806,645
50～54歳,就業者,2023,825,645
55～59歳,就業者,1990,549,549
55～59歳,就業者,1991,571,549
55～59歳,就業者,1992,579,549
55～59歳,就業者,1993,585,549
55～59歳,就業者,1994,575,549
55～59歳,就業者,1995,579,549
55～59歳,就業者,1996,593,549
55～59歳,就業者,1997,617,549
55～59歳,就業者,1998,625,549
55～59歳,就業者,1999,648,549
55～59歳,就業者,2000,639,549
55～59歳,就業者,2001,605,549
55～59歳,就業者,2002,617,549
55～59歳,就業者,2003,658,549
55～59歳,就業者,2004,700,549
55～59歳,就業者,2005,747,549
55～59歳,就業者,2006,790,549
55～59歳,就業者,2007,785,549
55～59歳,就業者,2008,741,549
55～59歳,就業者,2009,688,549
55～59歳,就業者,2010,650,549
55～59歳,就業者,2012,605,549
55～59歳,就業者,2013,597,549
55～59歳,就業者,2014,599,549
55～59歳,就業者,2015,596,549
55～59歳,就業者,2016,600,549
55～59歳,就業者,2017,613,549
55～59歳,就業者,2018,623,549
55～59歳,就業者,2019,632,549
55～59歳,就業者,2020,645,549
55～59歳,就業者,2021,643,549
55～59歳,就業者,2022,662,549
55～59歳,就業者,2023,683,549
60～64歳,就業者,1990,358,358
60～64歳,就業者,1991,376,358
60～64歳,就業者,1992,388,358
60～64歳,就業者,1993,394,358
60～64歳,就業者,1994,391,358
60～64歳,就業者,1995,397,358
60～64歳,就業者,1996,398,358
60～64歳,就業者,1997,408,358
60～64歳,就業者,1998,405,358
60～64歳,就業者,1999,398,358
60～64歳,就業者,2000,392,358
60～64歳,就業者,2001,396,358
60～64歳,就業者,2002,408,358
60～64歳,就業者,2003,417,358
60～64歳,就業者,2004,442,358
60～64歳,就業者,2005,442,358
60～64歳,就業者,2006,426,358
60～64歳,就業者,2007,464,358
60～64歳,就業者,2008,507,358
60～64歳,就業者,2009,530,358
60～64歳,就業者,2010,564,358
60～64歳,就業者,2012,597,358
60～64歳,就業者,2013,575,358
60～64歳,就業者,2014,553,358
60～64歳,就業者,2015,534,358
60～64歳,就業者,2016,519,358
60～64歳,就業者,2017,521,358
60～64歳,就業者,2018,525,358
60～64歳,就業者,2019,530,358
60～64歳,就業者,2020,528,358
60～64歳,就業者,2021,527,358
60～64歳,就業者,2022,542,358
60～64歳,就業者,2023,554,358
65～69歳,就業者,1990,196,196
65～69歳,就業者,1991,216,196
65～69歳,就業者,1992,231,196
65～69歳,就業者,1993,237,196
65～69歳,就業者,1994,244,196
65～69歳,就業者,1995,247,196
65～69歳,就業者,1996,250,196
65～69歳,就業者,1997,259,196
65～69歳,就業者,1998,259,196
65～69歳,就業者,1999,259,196
65～69歳,就業者,2000,256,196
65～69歳,就業者,2001,255,196
65～69歳,就業者,2002,252,196
65～69歳,就業者,2003,248,196
65～69歳,就業者,2004,244,196
65～69歳,就業者,2005,250,196
65～69歳,就業者,2006,260,196
65～69歳,就業者,2007,279,196
65～69歳,就業者,2008,288,196
65～69歳,就業者,2009,301,196
65～69歳,就業者,2010,300,196
65～69歳,就業者,2012,300,196
65～69歳,就業者,2013,333,196
65～69歳,就業者,2014,363,196
65～69歳,就業者,2015,399,196
65～69歳,就業者,2016,435,196
65～69歳,就業者,2017,444,196
65～69歳,就業者,2018,441,196
65～69歳,就業者,2019,428,196
65～69歳,就業者,2020,413,196
65～69歳,就業者,2021,399,196
65～69歳,就業者,2022,386,196
65～69歳,就業者,2023,383,196
70歳以上,就業者,1990,161,161
70歳以上,就業者,1991,169,161
70歳以上,就業者,1992,174,161
70歳以上,就業者,1993,176,161
70歳以上,就業者,1994,184,161
70歳以上,就業者,1995,191,161
70歳以上,就業者,1996,199,161
70歳以上,就業者,1997,210,161
70歳以上,就業者,1998,217,161
70歳以上,就業者,1999,224,161
70歳以上,就業者,2000,227,161
70歳以上,就業者,2001,225,161
70歳以上,就業者,2002,225,161
70歳以上,就業者,2003,229,161
70歳以上,就業者,2004,236,161
70歳以上,就業者,2005,245,161
70歳以上,就業者,2006,250,161
70歳以上,就業者,2007,260,161
70歳以上,就業者,2008,265,161
70歳以上,就業者,2009,264,161
70歳以上,就業者,2010,270,161
70歳以上,就業者,2012,295,161
70歳以上,就業者,2013,303,161
70歳以上,就業者,2014,318,161
70歳以上,就業者,2015,330,161
70歳以上,就業者,2016,332,161
70歳以上,就業者,2017,363,161
70歳以上,就業者,2018,421,161
70歳以上,就業者,2019,464,161
70歳以上,就業者,2020,492,161
70歳以上,就業者,2021,513,161
70歳以上,就業者,2022,527,161
70歳以上,就業者,2023,531,161
15～19歳,完全失業者,1990,12,12
15～19歳,完全失業者,1991,12,12
15～19歳,完全失業者,1992,12,12
15～19歳,完全失業者,1993,12,12
15～19歳,完全失業者,1994,12,12
15～19歳,完全失業者,1995,12,12
15～19歳,完全失業者,1996,13,12
15～19歳,完全失業者,1997,13,12
15～19歳,完全失業者,1998,15,12
15～19歳,完全失業者,1999,17,12
15～19歳,完全失業者,2000,16,12
15～19歳,完全失業者,2001,16,12
15～19歳,完全失業者,2002,16,12
15～19歳,完全失業者,2003,14,12
15～19歳,完全失業者,2004,13,12
15～19歳,完全失業者,2005,11,12
15～19歳,完全失業者,2006,10,12
15～19歳,完全失業者,2007,9,12
15～19歳,完全失業者,2008,8,12
15～19歳,完全失業者,2009,9,12
15～19歳,完全失業者,2010,9,12
15～19歳,完全失業者,2012,7,12
15～19歳,完全失業者,2013,6,12
15～19歳,完全失業者,2014,6,12
15～19歳,完全失業者,2015,5,12
15～19歳,完全失業者,2016,4,12
15～19歳,完全失業者,2017,4,12
15～19歳,完全失業者,2018,4,12
15～19歳,完全失業者,2019,3,12
15～19歳,完全失業者,2020,5,12
15～19歳,完全失業者,2021,4,12
15～19歳,完全失業者,2022,3,12
15～19歳,完全失業者,2023,3,12
20～24歳,完全失業者,1990,24,24
20～24歳,完全失業者,1991,26,24
20～24歳,完全失業者,1992,28,24
20～24歳,完全失業者,1993,34,24
20～24歳,完全失業者,1994,37,24
20～24歳,完全失業者,1995,42,24
20～24歳,完全失業者,1996,45,24
20～24歳,完全失業者,1997,44,24
20～24歳,完全失業者,1998,49,24
20～24歳,完全失業者,1999,55,24
20～24歳,完全失業者,2000,54,24
20～24歳,完全失業者,2001,54,24
20～24歳,完全失業者,2002,53,24
20～24歳,完全失業者,2003,54,24
20～24歳,完全失業者,2004,48,24
20～24歳,完全失業者,2005,44,24
20～24歳,完全失業者,2006,40,24
20～24歳,完全失業者,2007,38,24
20～24歳,完全失業者,2008,35,24
20～24歳,完全失業者,2009,43,24
20～24歳,完全失業者,2010,42,24
20～24歳,完全失業者,2012,34,24
20～24歳,完全失業者,2013,30,24
20～24歳,完全失業者,2014,27,24
20～24歳,完全失業者,2015,24,24
20～24歳,完全失業者,2016,24,24
20～24歳,完全失業者,2017,21,24
20～24歳,完全失業者,2018,17,24
20～24歳,完全失業者,2019,20,24
20～24歳,完全失業者,2020,22,24
20～24歳,完全失業者,2021,23,24
20～24歳,完全失業者,2022,22,24
20～24歳,完全失業者,2023,20,24
25～29歳,完全失業者,1990,17,17
25～29歳,完全失業者,1991,18,17
25～29歳,完全失業者,1992,19,17
25～29歳,完全失業者,1993,23,17
25～29歳,完全失業者,1994,28,17
25～29歳,完全失業者,1995,31,17
25～29歳,完全失業者,1996,35,17
25～29歳,完全失業者,1997,38,17
25～29歳,完全失業者,1998,45,17
25～29歳,完全失業者,1999,51,17
25～29歳,完全失業者,2000,51,17
25～29歳,完全失業者,2001,55,17
25～29歳,完全失業者,2002,56,17
25～29歳,完全失業者,2003,54,17
25～29歳,完全失業者,2004,48,17
25～29歳,完全失業者,2005,45,17
25～29歳,完全失業者,2006,42,17
25～29歳,完全失業者,2007,38,17
25～29歳,完全失業者,2008,39,17
25～29歳,完全失業者,2009,46,17
25～29歳,完全失業者,2010,45,17
25～29歳,完全失業者,2012,39,17
25～29歳,完全失業者,2013,37,17
25～29歳,完全失業者,2014,30,17
25～29歳,完全失業者,2015,29,17
25～29歳,完全失業者,2016,26,17
25～29歳,完全失業者,2017,23,17
25～29歳,完全失業者,2018,21,17
25～29歳,完全失業者,2019,20,17
25～29歳,完全失業者,2020,24,17
25～29歳,完全失業者,2021,24,17
25～29歳,完全失業者,2022,22,17
25～29歳,完全失業者,2023,24,17
30～34歳,完全失業者,1990,11,11
30～34歳,完全失業者,1991,11,11
30～34歳,完全失業者,1992,12,11
30～34歳,完全失業者,1993,14,11
30～34歳,完全失業者,1994,16,11
30～34歳,完全失業者,1995,19,11
30～34歳,完全失業者,1996,20,11
30～34歳,完全失業者,1997,21,11
30～34歳,完全失業者,1998,26,11
30～34歳,完全失業者,1999,31,11
30～34歳,完全失業者,2000,33,11
30～34歳,完全失業者,2001,38,11
30～34歳,完全失業者,2002,43,11
30～34歳,完全失業者,2003,42,11
30～34歳,完全失業者,2004,39,11
30～34歳,完全失業者,2005,39,11
30～34歳,完全失業者,2006,36,11
30～34歳,完全失業者,2007,32,11
30～34歳,完全失業者,2008,33,11
30～34歳,完全失業者,2009,41,11
30～34歳,完全失業者,2010,37,11
30～34歳,完全失業者,2012,30,11
30～34歳,完全失業者,2013,28,11
30～34歳,完全失業者,2014,25,11
30～34歳,完全失業者,2015,25,11
30～34歳,完全失業者,2016,23,11
30～34歳,完全失業者,2017,20,11
30～34歳,完全失業者,2018,18,11
30～34歳,完全失業者,2019,17,11
30～34歳,完全失業者,2020,21,11
30～34歳,完全失業者,2021,19,11
30～34歳,完全失業者,2022,19,11
30～34歳,完全失業者,2023,18,11
35～39歳,完全失業者,1990,12,12
35～39歳,完全失業者,1991,11,12
35～39歳,完全失業者,1992,11,12
35～39歳,完全失業者,1993,12,12
35～39歳,完全失業者,1994,13,12
35～39歳,完全失業者,1995,14,12
35～39歳,完全失業者,1996,15,12
35～39歳,完全失業者,1997,16,12
35～39歳,完全失業者,1998,20,12
35～39歳,完全失業者,1999,22,12
35～39歳,完全失業者,2000,22,12
35～39歳,完全失業者,2001,26,12
35～39歳,完全失業者,2002,29,12
35～39歳,完全失業者,2003,31,12
35～39歳,完全失業者,2004,30,12
35～39歳,完全失業者,2005,29,12
35～39歳,完全失業者,2006,27,12
35～39歳,完全失業者,2007,28,12
35～39歳,完全失業者,2008,29,12
35～39歳,完全失業者,2009,38,12
35～39歳,完全失業者,2010,38,12
35～39歳,完全失業者,2012,32,12
35～39歳,完全失業者,2013,29,12
35～39歳,完全失業者,2014,26,12
35～39歳,完全失業者,2015,24,12
35～39歳,完全失業者,2016,21,12
35～39歳,完全失業者,2017,19,12
35～39歳,完全失業者,2018,16,12
35～39歳,完全失業者,2019,16,12
35～39歳,完全失業者,2020,17,12
35～39歳,完全失業者,2021,17,12
35～39歳,完全失業者,2022,17,12
35～39歳,完全失業者,2023,16,12
40～44歳,完全失業者,1990,12,12
40～44歳,完全失業者,1991,13,12
40～44歳,完全失業者,1992,13,12
40～44歳,完全失業者,1993,15,12
40～44歳,完全失業者,1994,16,12
40～44歳,完全失業者,1995,17,12
40～44歳,完全失業者,1996,15,12
40～44歳,完全失業者,1997,15,12
40～44歳,完全失業者,1998,19,12
40～44歳,完全失業者,1999,20,12
40～44歳,完全失業者,2000,20,12
40～44歳,完全失業者,2001,21,12
40～44歳,完全失業者,2002,24,12
40～44歳,完全失業者,2003,24,12
40～44歳,完全失業者,2004,23,12
40～44歳,完全失業者,2005,24,12
40～44歳,完全失業者,2006,21,12
40～44歳,完全失業者,2007,21,12
40～44歳,完全失業者,2008,22,12
40～44歳,完全失業者,2009,31,12
40～44歳,完全失業者,2010,32,12
40～44歳,完全失業者,2012,32,12
40～44歳,完全失業者,2013,30,12
40～44歳,完全失業者,2014,27,12
40～44歳,完全失業者,2015,23,12
40～44歳,完全失業者,2016,23,12
40～44歳,完全失業者,2017,21,12
40～44歳,完全失業者,2018,17,12
40～44歳,完全失業者,2019,15,12
40～44歳,完全失業者,2020,17,12
40～44歳,完全失業者,2021,17,12
40～44歳,完全失業者,2022,16,12
40～44歳,完全失業者,2023,15,12
45～49歳,完全失業者,1990,9,9
45～49歳,完全失業者,1991,9,9
45～49歳,完全失業者,1992,10,9
45～49歳,完全失業者,1993,12,9
45～49歳,完全失業者,1994,15,9
45～49歳,完全失業者,1995,17,9
45～49歳,完全失業者,1996,19,9
45～49歳,完全失業者,1997,19,9
45～49歳,完全失業者,1998,22,9
45～49歳,完全失業者,1999,25,9
45～49歳,完全失業者,2000,23,9
45～49歳,完全失業者,2001,25,9
45～49歳,完全失業者,2002,27,9
45～49歳,完全失業者,2003,24,9
45～49歳,完全失業者,2004,21,9
45～49歳,完全失業者,2005,19,9
45～49歳,完全失業者,2006,19,9
45～49歳,完全失業者,2007,18,9
45～49歳,完全失業者,2008,20,9
45～49歳,完全失業者,2009,27,9
45～49歳,完全失業者,2010,27,9
45～49歳,完全失業者,2012,24,9
45～49歳,完全失業者,2013,24,9
45～49歳,完全失業者,2014,24,9
45～49歳,完全失業者,2015,21,9
45～49歳,完全失業者,2016,20,9
45～49歳,完全失業者,2017,19,9
45～49歳,完全失業者,2018,18,9
45～49歳,完全失業者,2019,18,9
45～49歳,完全失業者,2020,20,9
45～49歳,完全失業者,2021,20,9
45～49歳,完全失業者,2022,17,9
45～49歳,完全失業者,2023,16,9
50～54歳,完全失業者,1990,8,8
50～54歳,完全失業者,1991,8,8
50～54歳,完全失業者,1992,8,8
50～54歳,完全失業者,1993,10,8
50～54歳,完全失業者,1994,13,8
50～54歳,完全失業者,1995,14,8
50～54歳,完全失業者,1996,14,8
50～54歳,完全失業者,1997,15,8
50～54歳,完全失業者,1998,19,8
50～54歳,完全失業者,1999,26,8
50～54歳,完全失業者,2000,29,8
50～54歳,完全失業者,2001,32,8
50～54歳,完全失業者,2002,36,8
50～54歳,完全失業者,2003,31,8
50～54歳,完全失業者,2004,27,8
50～54歳,完全失業者,2005,23,8
50～54歳,完全失業者,2006,22,8
50～54歳,完全失業者,2007,19,8
50～54歳,完全失業者,2008,19,8
50～54歳,完全失業者,2009,25,8
50～54歳,完全失業者,2010,24,8
50～54歳,完全失業者,2012,21,8
50～54歳,完全失業者,2013,21,8
50～54歳,完全失業者,2014,18,8
50～54歳,完全失業者,2015,18,8
50～54歳,完全失業者,2016,17,8
50～54歳,完全失業者,2017,17,8
50～54歳,完全失業者,2018,14,8
50～54歳,完全失業者,2019,14,8
50～54歳,完全失業者,2020,18,8
50～54歳,完全失業者,2021,20,8
50～54歳,完全失業者,2022,18,8
50～54歳,完全失業者,2023,18,8
55～59歳,完全失業者,1990,11,11
55～59歳,完全失業者,1991,10,11
55～59歳,完全失業者,1992,10,11
55～59歳,完全失業者,1993,11,11
55～59歳,完全失業者,1994,14,11
55～59歳,完全失業者,1995,14,11
55～59歳,完全失業者,1996,16,11
55～59歳,完全失業者,1997,16,11
55～59歳,完全失業者,1998,21,11
55～59歳,完全失業者,1999,26,11
55～59歳,完全失業者,2000,26,11
55～59歳,完全失業者,2001,26,11
55～59歳,完全失業者,2002,29,11
55～59歳,完全失業者,2003,31,11
55～59歳,完全失業者,2004,27,11
55～59歳,完全失業者,2005,28,11
55～59歳,完全失業者,2006,29,11
55～59歳,完全失業者,2007,24,11
55～59歳,完全失業者,2008,24,11
55～59歳,完全失業者,2009,30,11
55～59歳,完全失業者,2010,29,11
55～59歳,完全失業者,2012,23,11
55～59歳,完全失業者,2013,21,11
55～59歳,完全失業者,2014,18,11
55～59歳,完全失業者,2015,17,11
55～59歳,完全失業者,2016,16,11
55～59歳,完全失業者,2017,15,11
55～59歳,完全失業者,2018,13,11
55～59歳,完全失業者,2019,12,11
55～59歳,完全失業者,2020,15,11
55～59歳,完全失業者,2021,17,11
55～59歳,完全失業者,2022,16,11
55～59歳,完全失業者,2023,16,11
60～64歳,完全失業者,1990,13,13
60～64歳,完全失業者,1991,14,13
60～64歳,完全失業者,1992,15,13
60～64歳,完全失業者,1993,19,13
60～64歳,完全失業者,1994,22,13
60～64歳,完全失業者,1995,24,13
60～64歳,完全失業者,1996,27,13
60～64歳,完全失業者,1997,27,13
60～64歳,完全失業者,1998,33,13
60～64歳,完全失業者,1999,34,13
60～64歳,完全失業者,2000,34,13
60～64歳,完全失業者,2001,35,13
60～64歳,完全失業者,2002,34,13
60～64歳,完全失業者,2003,34,13
60～64歳,完全失業者,2004,27,13
60～64歳,完全失業者,2005,23,13
60～64歳,完全失業者,2006,20,13
60～64歳,完全失業者,2007,19,13
60～64歳,完全失業者,2008,23,13
60～64歳,完全失業者,2009,30,13
60～64歳,完全失業者,2010,34,13
60～64歳,完全失業者,2012,29,13
60～64歳,完全失業者,2013,24,13
60～64歳,完全失業者,2014,20,13
60～64歳,完全失業者,2015,19,13
60～64歳,完全失業者,2016,17,13
60～64歳,完全失業者,2017,15,13
60～64歳,完全失業者,2018,14,13
60～64歳,完全失業者,2019,13,13
60～64歳,完全失業者,2020,16,13
60～64歳,完全失業者,2021,17,13
60～64歳,完全失業者,2022,15,13
60～64歳,完全失業者,2023,15,13
65～69歳,完全失業者,1990,3,3
65～69歳,完全失業者,1991,3,3
65～69歳,完全失業者,1992,4,3
65～69歳,完全失業者,1993,4,3
65～69歳,完全失業者,1994,5,3
65～69歳,完全失業者,1995,5,3
65～69歳,完全失業者,1996,6,3
65～69歳,完全失業者,1997,6,3
65～69歳,完全失業者,1998,8,3
65～69歳,完全失業者,1999,9,3
65～69歳,完全失業者,2000,9,3
65～69歳,完全失業者,2001,10,3
65～69歳,完全失業者,2002,9,3
65～69歳,完全失業者,2003,10,3
65～69歳,完全失業者,2004,8,3
65～69歳,完全失業者,2005,8,3
65～69歳,完全失業者,2006,8,3
65～69歳,完全失業者,2007,8,3
65～69歳,完全失業者,2008,9,3
65～69歳,完全失業者,2009,11,3
65～69歳,完全失業者,2010,11,3
65～69歳,完全失業者,2012,10,3
65～69歳,完全失業者,2013,10,3
65～69歳,完全失業者,2014,11,3
65～69歳,完全失業者,2015,11,3
65～69歳,完全失業者,2016,12,3
65～69歳,完全失業者,2017,11,3
65～69歳,完全失業者,2018,10,3
65～69歳,完全失業者,2019,10,3
65～69歳,完全失業者,2020,11,3
65～69歳,完全失業者,2021,11,3
65～69歳,完全失業者,2022,10,3
65～69歳,完全失業者,2023,10,3
70歳以上,完全失業者,1990,1,1
70歳以上,完全失業者,1991,1,1
70歳以上,完全失業者,1992,1,1
70歳以上,完全失業者,1993,1,1
70歳以上,完全失業者,1994,1,1
70歳以上,完全失業者,1995,1,1
70歳以上,完全失業者,1996,1,1
70歳以上,完全失業者,1997,1,1
70歳以上,完全失業者,1998,2,1
70歳以上,完全失業者,1999,2,1
70歳以上,完全失業者,2000,2,1
70歳以上,完全失業者,2001,2,1
70歳以上,完全失業者,2002,2,1
70歳以上,完全失業者,2003,2,1
70歳以上,完全失業者,2004,2,1
70歳以上,完全失業者,2005,2,1
70歳以上,完全失業者,2006,3,1
70歳以上,完全失業者,2007,3,1
70歳以上,完全失業者,2008,3,1
70歳以上,完全失業者,2009,3,1
70歳以上,完全失業者,2010,4,1
70歳以上,完全失業者,2012,4,1
70歳以上,完全失業者,2013,4,1
70歳以上,完全失業者,2014,4,1
70歳以上,完全失業者,2015,4,1
70歳以上,完全失業者,2016,4,1
70歳以上,完全失業者,2017,4,1
70歳以上,完全失業者,2018,4,1
70歳以上,完全失業者,2019,5,1
70歳以上,完全失業者,2020,6,1
70歳以上,完全失業者,2021,6,1
70歳以上,完全失業者,2022,5,1
70歳以上,完全失業者,2023,6,1
15～19歳,非労働力人口,1990,820,820
15～19歳,非労働力人口,1991,807,820
15～19歳,非労働力人口,1992,788,820
15～19歳,非労働力人口,1993,763,820
15～19歳,非労働力人口,1994,736,820
15～19歳,非労働力人口,1995,714,820
15～19歳,非労働力人口,1996,685,820
15～19歳,非労働力人口,1997,661,820
15～19歳,非労働力人口,1998,643,820
15～19歳,非労働力人口,1999,631,820
15～19歳,非労働力人口,2000,620,820
15～19歳,非労働力人口,2001,607,820
15～19歳,非労働力人口,2002,598,820
15～19歳,非労働力人口,2003,586,820
15～19歳,非労働力人口,2004,570,820
15～19歳,非労働力人口,2005,551,820
15～19歳,非労働力人口,2006,537,820
15～19歳,非労働力人口,2007,528,820
15～19歳,非労働力人口,2008,517,820
15～19歳,非労働力人口,2009,514,820
15～19歳,非労働力人口,2010,512,820
15～19歳,非労働力人口,2012,517,820
15～19歳,非労働力人口,2013,510,820
15～19歳,非労働力人口,2014,504,820
15～19歳,非労働力人口,2015,500,820
15～19歳,非労働力人口,2016,494,820
15～19歳,非労働力人口,2017,500,820
15～19歳,非労働力人口,2018,478,820
15～19歳,非労働力人口,2019,463,820
15～19歳,非労働力人口,2020,463,820
15～19歳,非労働力人口,2021,453,820
15～19歳,非労働力人口,2022,444,820
15～19歳,非労働力人口,2023,436,820
20～24歳,非労働力人口,1990,230,230
20～24歳,非労働力人口,1991,235,230
20～24歳,非労働力人口,1992,235,230
20～24歳,非労働力人口,1993,245,230
20～24歳,非労働力人口,1994,251,230
20～24歳,非労働力人口,1995,257,230
20～24歳,非労働力人口,1996,253,230
20～24歳,非労働力人口,1997,247,230
20～24歳,非労働力人口,1998,243,230
20～24歳,非労働力人口,1999,244,230
20～24歳,非労働力人口,2000,234,230
20～24歳,非労働力人口,2001,233,230
20～24歳,非労働力人口,2002,234,230
20～24歳,非労働力人口,2003,236,230
20～24歳,非労働力人口,2004,241,230
20～24歳,非労働力人口,2005,232,230
20～24歳,非労働力人口,2006,226,230
20～24歳,非労働力人口,2007,218,230
20～24歳,非労働力人口,2008,218,230
20～24歳,非労働力人口,2009,218,230
20～24歳,非労働力人口,2010,214,230
20～24歳,非労働力人口,2012,201,230
20～24歳,非労働力人口,2013,193,230
20～24歳,非労働力人口,2014,191,230
20～24歳,非労働力人口,2015,195,230
20～24歳,非労働力人口,2016,180,230
20～24歳,非労働力人口,2017,176,230
20～24歳,非労働力人口,2018,161,230
20～24歳,非労働力人口,2019,155,230
20～24歳,非労働力人口,2020,159,230
20～24歳,非労働力人口,2021,157,230
20～24歳,非労働力人口,2022,157,230
20～24歳,非労働力人口,2023,152,230
25～29歳,非労働力人口,1990,164,164
25～29歳,非労働力人口,1991,156,164
25～29歳,非労働力人口,1992,156,164
25～29歳,非労働力人口,1993,161,164
25～29歳,非労働力人口,1994,163,164
25～29歳,非労働力人口,1995,161,164
25～29歳,非労働力人口,1996,159,164
25～29歳,非労働力人口,1997,164,164
25～29歳,非労働力人口,1998,165,164
25～29歳,非労働力人口,1999,167,164
25～29歳,非労働力人口,2000,166,164
25～29歳,非労働力人口,2001,161,164
25～29歳,非労働力人口,2002,156,164
25～29歳,非労働力人口,2003,145,164
25～29歳,非労働力人口,2004,137,164
25～29歳,非労働力人口,2005,132,164
25～29歳,非労働力人口,2006,123,164
25～29歳,非労働力人口,2007,117,164
25～29歳,非労働力人口,2008,112,164
25～29歳,非労働力人口,2009,106,164
25～29歳,非労働力人口,2010,105,164
25～29歳,非労働力人口,2012,101,164
25～29歳,非労働力人口,2013,93,164
25～29歳,非労働力人口,2014,89,164
25～29歳,非労働力人口,2015,86,164
25～29歳,非労働力人口,2016,77,164
25～29歳,非労働力人口,2017,74,164
25～29歳,非労働力人口,2018,66,164
25～29歳,非労働力人口,2019,63,164
25～29歳,非労働力人口,2020,60,164
25～29歳,非労働力人口,2021,56,164
25～29歳,非労働力人口,2022,56,164
25～29歳,非労働力人口,2023,57,164
30～34歳,非労働力人口,1990,192,192
30～34歳,非労働力人口,1991,186,192
30～34歳,非労働力人口,1992,187,192
30～34歳,非労働力人口,1993,190,192
30～34歳,非労働力人口,1994,190,192
30～34歳,非労働力人口,1995,193,192
30～34歳,非労働力人口,1996,187,192
30～34歳,非労働力人口,1997,185,192
30～34歳,非労働力人口,1998,193,192
30～34歳,非労働力人口,1999,194,192
30～34歳,非労働力人口,2000,195,192
30～34歳,非労働力人口,2001,198,192
30～34歳,非労働力人口,2002,200,192
30～34歳,非労働力人口,2003,204,192
30～34歳,非労働力人口,2004,201,192
30～34歳,非労働力人口,2005,197,192
30～34歳,非労働力人口,2006,194,192
30～34歳,非労働力人口,2007,182,192
30～34歳,非労働力人口,2008,172,192
30～34歳,非労働力人口,2009,157,192
30～34歳,非労働力人口,2010,147,192
30～34歳,非労働力人口,2012,138,192
30～34歳,非労働力人口,2013,129,192
30～34歳,非労働力人口,2014,124,192
30～34歳,非労働力人口,2015,119,192
30～34歳,非労働力人口,2016,111,192
30～34歳,非労働力人口,2017,103,192
30～34歳,非労働力人口,2018,93,192
30～34歳,非労働力人口,2019,90,192
30～34歳,非労働力人口,2020,86,192
30～34歳,非労働力人口,2021,79,192
30～34歳,非労働力人口,2022,74,192
30～34歳,非労働力人口,2023,69,192
35～39歳,非労働力人口,1990,176,176
35～39歳,非労働力人口,1991,168,176
35～39歳,非労働力人口,1992,161,176
35～39歳,非労働力人口,1993,159,176
35～39歳,非労働力人口,1994,158,176
35～39歳,非労働力人口,1995,160,176
35～39歳,非労働力人口,1996,158,176
35～39歳,非労働力人口,1997,153,176
35～39歳,非労働力人口,1998,153,176
35～39歳,非労働力人口,1999,158,176
35～39歳,非労働力人口,2000,162,176
35～39歳,非労働力人口,2001,159,176
35～39歳,非労働力人口,2002,165,176
35～39歳,非労働力人口,2003,166,176
35～39歳,非労働力人口,2004,173,176
35～39歳,非労働力人口,2005,173,176
35～39歳,非労働力人口,2006,180,176
35～39歳,非労働力人口,2007,180,176
35～39歳,非労働力人口,2008,181,176
35～39歳,非労働力人口,2009,182,176
35～39歳,非労働力人口,2010,178,176
35～39歳,非労働力人口,2012,168,176
35～39歳,非労働力人口,2013,152,176
35～39歳,非労働力人口,2014,140,176
35～39歳,非労働力人口,2015,133,176
35～39歳,非労働力人口,2016,128,176
35～39歳,非労働力人口,2017,119,176
35～39歳,非労働力人口,2018,111,176
35～39歳,非労働力人口,2019,101,176
35～39歳,非労働力人口,2020,102,176
35～39歳,非労働力人口,2021,94,176
35～39歳,非労働力人口,2022,88,176
35～39歳,非労働力人口,2023,83,176
40～44歳,非労働力人口,1990,167,167
40～44歳,非労働力人口,1991,172,167
40～44歳,非労働力人口,1992,169,167
40～44歳,非労働力人口,1993,161,167
40～44歳,非労働力人口,1994,155,167
40～44歳,非労働力人口,1995,147,167
40～44歳,非労働力人口,1996,138,167
40～44歳,非労働力人口,1997,126,167
40～44歳,非労働力人口,1998,127,167
40～44歳,非労働力人口,1999,127,167
40～44歳,非労働力人口,2000,126,167
40～44歳,非労働力人口,2001,123,167
40～44歳,非労働力人口,2002,124,167
40～44歳,非労働力人口,2003,125,167
40～44歳,非労働力人口,2004,126,167
40～44歳,非労働力人口,2005,127,167
40～44歳,非労働力人口,2006,124,167
40～44歳,非労働力人口,2007,124,167
40～44歳,非労働力人口,2008,132,167
40～44歳,非労働力人口,2009,134,167
40～44歳,非労働力人口,2010,136,167
40～44歳,非労働力人口,2012,150,167
40～44歳,非労働力人口,2013,146,167
40～44歳,非労働力人口,2014,142,167
40～44歳,非労働力人口,2015,140,167
40～44歳,非労働力人口,2016,134,167
40～44歳,非労働力人口,2017,126,167
40～44歳,非労働力人口,2018,108,167
40～44歳,非労働力人口,2019,102,167
40～44歳,非労働力人口,2020,102,167
40～44歳,非労働力人口,2021,96,167
40～44歳,非労働力人口,2022,89,167
40～44歳,非労働力人口,2023,84,167
45～49歳,非労働力人口,1990,137,137
45～49歳,非労働力人口,1991,128,137
45～49歳,非労働力人口,1992,131,137
45～49歳,非労働力人口,1993,141,137
45～49歳,非労働力人口,1994,152,137
45～49歳,非労働力人口,1995,161,137
45～49歳,非労働力人口,1996,169,137
45～49歳,非労働力人口,1997,162,137
45～49歳,非労働力人口,1998,153,137
45～49歳,非労働力人口,1999,145,137
45～49歳,非労働力人口,2000,137,137
45～49歳,非労働力人口,2001,129,137
45～49歳,非労働力人口,2002,124,137
45～49歳,非労働力人口,2003,120,137
45～49歳,非労働力人口,2004,117,137
45～49歳,非労働力人口,2005,113,137
45～49歳,非労働力人口,2006,111,137
45～49歳,非労働力人口,2007,104,137
45～49歳,非労働力人口,2008,107,137
45～49歳,非労働力人口,2009,109,137
45～49歳,非労働力人口,2010,109,137
45～49歳,非労働力人口,2012,114,137
45～49歳,非労働力人口,2013,114,137
45～49歳,非労働力人口,2014,115,137
45～49歳,非労働力人口,2015,115,137
45～49歳,非労働力人口,2016,115,137
45～49歳,非労働力人口,2017,115,137
45～49歳,非労働力人口,2018,117,137
45～49歳,非労働力人口,2019,110,137
45～49歳,非労働力人口,2020,112,137
45～49歳,非労働力人口,2021,110,137
45～49歳,非労働力人口,2022,104,137
45～49歳,非労働力人口,2023,96,137
50～54歳,非労働力人口,1990,152,152
50～54歳,非労働力人口,1991,150,152
50～54歳,非労働力人口,1992,148,152
50～54歳,非労働力人口,1993,154,152
50～54歳,非労働力人口,1994,160,152
50～54歳,非労働力人口,1995,160,152
50～54歳,非労働力人口,1996,152,152
50～54歳,非労働力人口,1997,152,152
50～54歳,非労働力人口,1998,163,152
50～54歳,非労働力人口,1999,170,152
50～54歳,非労働力人口,2000,181,152
50～54歳,非労働力人口,2001,194,152
50～54歳,非労働力人口,2002,193,152
50～54歳,非労働力人口,2003,180,152
50～54歳,非労働力人口,2004,168,152
50～54歳,非労働力人口,2005,157,152
50～54歳,非労働力人口,2006,143,152
50～54歳,非労働力人口,2007,135,152
50～54歳,非労働力人口,2008,128,152
50～54歳,非労働力人口,2009,123,152
50～54歳,非労働力人口,2010,119,152
50～54歳,非労働力人口,2012,121,152
50～54歳,非労働力人口,2013,115,152
50～54歳,非労働力人口,2014,115,152
50～54歳,非労働力人口,2015,114,152
50～54歳,非労働力人口,2016,109,152
50～54歳,非労働力人口,2017,108,152
50～54歳,非労働力人口,2018,106,152
50～54歳,非労働力人口,2019,105,152
50～54歳,非労働力人口,2020,106,152
50～54歳,非労働力人口,2021,112,152
50～54歳,非労働力人口,2022,114,152
50～54歳,非労働力人口,2023,117,152
55～59歳,非労働力人口,1990,207,207
55～59歳,非労働力人口,1991,201,207
55～59歳,非労働力人口,1992,203,207
55～59歳,非労働力人口,1993,199,207
55～59歳,非労働力人口,1994,197,207
55～59歳,非労働力人口,1995,195,207
55～59歳,非労働力人口,1996,192,207
55～59歳,非労働力人口,1997,195,207
55～59歳,非労働力人口,1998,199,207
55～59歳,非労働力人口,1999,208,207
55～59歳,非労働力人口,2000,208,207
55～59歳,非労働力人口,2001,201,207
55～59歳,非労働力人口,2002,207,207
55～59歳,非労働力人口,2003,218,207
55～59歳,非労働力人口,2004,225,207
55～59歳,非労働力人口,2005,236,207
55～59歳,非労働力人口,2006,250,207
55～59歳,非労働力人口,2007,244,207
55～59歳,非労働力人口,2008,229,207
55～59歳,非労働力人口,2009,209,207
55～59歳,非労働力人口,2010,192,207
55～59歳,非労働力人口,2012,174,207
55～59歳,非労働力人口,2013,159,207
55～59歳,非労働力人口,2014,149,207
55～59歳,非労働力人口,2015,143,207
55～59歳,非労働力人口,2016,135,207
55～59歳,非労働力人口,2017,129,207
55～59歳,非労働力人口,2018,127,207
55～59歳,非労働力人口,2019,123,207
55～59歳,非労働力人口,2020,125,207
55～59歳,非労働力人口,2021,123,207
55～59歳,非労働力人口,2022,121,207
55～59歳,非労働力人口,2023,122,207
60～64歳,非労働力人口,1990,296,296
60～64歳,非労働力人口,1991,295,296
60～64歳,非労働力人口,1992,300,296
60～64歳,非労働力人口,1993,308,296
60～64歳,非労働力人口,1994,316,296
60～64歳,非労働力人口,1995,321,296
60～64歳,非労働力人口,1996,330,296
60～64歳,非労働力人口,1997,333,296
60～64歳,非労働力人口,1998,333,296
60～64歳,非労働力人口,1999,332,296
60～64歳,非労働力人口,2000,342,296
60～64歳,非労働力人口,2001,351,296
60～64歳,非労働力人口,2002,365,296
60～64歳,非労働力人口,2003,372,296
60～64歳,非労働力人口,2004,389,296
60～64歳,非労働力人口,2005,386,296
60～64歳,非労働力人口,2006,364,296
60～64歳,非労働力人口,2007,353,296
60～64歳,非労働力人口,2008,357,296
60～64歳,非労働力人口,2009,371,296
60～64歳,非労働力人口,2010,390,296
60～64歳,非労働力人口,2012,409,296
60～64歳,非労働力人口,2013,377,296
60～64歳,非労働力人口,2014,338,296
60～64歳,非労働力人口,2015,305,296
60～64歳,非労働力人口,2016,279,296
60～64歳,非労働力人口,2017,250,296
60～64歳,非労働力人口,2018,223,296
60～64歳,非労働力人口,2019,210,296
60～64歳,非労働力人口,2020,199,296
60～64歳,非労働力人口,2021,193,296
60～64歳,非労働力人口,2022,185,296
60～64歳,非労働力人口,2023,179,296
65～69歳,非労働力人口,1990,307,307
65～69歳,非労働力人口,1991,315,307
65～69歳,非労働力人口,1992,331,307
65～69歳,非労働力人口,1993,352,307
65～69歳,非労働力人口,1994,370,307
65～69歳,非労働力人口,1995,382,307
65～69歳,非労働力人口,1996,395,307
65～69歳,非労働力人口,1997,403,307
65～69歳,非労働力人口,1998,418,307
65～69歳,非労働力人口,1999,425,307
65～69歳,非労働力人口,2000,442,307
65～69歳,非労働力人口,2001,457,307
65～69歳,非労働力人口,2002,475,307
65～69歳,非労働力人口,2003,484,307
65～69歳,非労働力人口,2004,483,307
65～69歳,非労働力人口,2005,482,307
65～69歳,非労働力人口,2006,483,307
65～69歳,非労働力人口,2007,494,307
65～69歳,非労働力人口,2008,499,307
65～69歳,非労働力人口,2009,519,307
65～69歳,非労働力人口,2010,513,307
65～69歳,非労働力人口,2012,499,307
65～69歳,非労働力人口,2013,517,307
65～69歳,非労働力人口,2014,530,307
65～69歳,非労働力人口,2015,550,307
65～69歳,非労働力人口,2016,568,307
65～69歳,非労働力人口,2017,547,307
65～69歳,非労働力人口,2018,495,307
65～69歳,非労働力人口,2019,444,307
65～69歳,非労働力人口,2020,407,307
65～69歳,非労働力人口,2021,381,307
65～69歳,非労働力人口,2022,363,307
65～69歳,非労働力人口,2023,342,307
70歳以上,非労働力人口,1990,810,810
70歳以上,非労働力人口,1991,837,810
70歳以上,非労働力人口,1992,871,810
70歳以上,非労働力人口,1993,907,810
70歳以上,非労働力人口,1994,943,810
70歳以上,非労働力人口,1995,985,810
70歳以上,非労働力人口,1996,1034,810
70歳以上,非労働力人口,1997,1083,810
70歳以上,非労働力人口,1998,1135,810
70歳以上,非労働力人口,1999,1188,810
70歳以上,非労働力人口,2000,1244,810
70歳以上,非労働力人口,2001,1312,810
70歳以上,非労働力人口,2002,1387,810
70歳以上,非労働力人口,2003,1449,810
70歳以上,非労働力人口,2004,1505,810
70歳以上,非労働力人口,2005,1560,810
70歳以上,非労働力人口,2006,1620,810
70歳以上,非労働力人口,2007,1688,810
70歳以上,非労働力人口,2008,1742,810
70歳以上,非労働力人口,2009,1787,810
70歳以上,非労働力人口,2010,1838,810
70歳以上,非労働力人口,2012,1947,810
70歳以上,非労働力人口,2013,2001,810
70歳以上,非労働力人口,2014,2051,810
70歳以上,非労働力人口,2015,2075,810
70歳以上,非労働力人口,2016,2092,810
70歳以上,非労働力人口,2017,2135,810
70歳以上,非労働力人口,2018,2177,810
70歳以上,非労働力人口,2019,2230,810
70歳以上,非労働力人口,2020,2282,810
70歳以上,非労働力人口,2021,2323,810
70歳以上,非労働力人口,2022,2334,810
70歳以上,非労働力人口,2023,2348,810
